/home/jetson/jetsoncar_ws/recordings/cde19f1751e0/images/0f4a305643834bcabbbd8bca7d243fe0.jpg,90,90.0
/home/jetson/jetsoncar_ws/recordings/cde19f1751e0/images/12b8bdc925f649b19047a9c5268a939b.jpg,90,90.0
/home/jetson/jetsoncar_ws/recordings/cde19f1751e0/images/dc4effb5cf7f459989a871fe9c7c8460.jpg,90,90.0
/home/jetson/jetsoncar_ws/recordings/cde19f1751e0/images/9cb1446a2d034c9883e325d1ad144cc9.jpg,90,90.0
/home/jetson/jetsoncar_ws/recordings/cde19f1751e0/images/d77797dcca6c4bcdbf737c11808a4ae0.jpg,90,90.0
/home/jetson/jetsoncar_ws/recordings/cde19f1751e0/images/6486cca8da9845fbb5704e9278bdef82.jpg,90,90.0
/home/jetson/jetsoncar_ws/recordings/cde19f1751e0/images/51afeaa5a70a461b9b253a97fe280610.jpg,90,92.24
/home/jetson/jetsoncar_ws/recordings/cde19f1751e0/images/22444220e0424d0484e6155c4c65632c.jpg,90,94.64
/home/jetson/jetsoncar_ws/recordings/cde19f1751e0/images/8f7bb4a370e94324a6ae537c6da4ab75.jpg,90,94.8
/home/jetson/jetsoncar_ws/recordings/cde19f1751e0/images/b3ab1f318e9448f7bec27d8d4924f033.jpg,90,94.56
/home/jetson/jetsoncar_ws/recordings/cde19f1751e0/images/2c9d000621e24ddca8635b5d82cd72e3.jpg,90,90.0
/home/jetson/jetsoncar_ws/recordings/cde19f1751e0/images/4554646161a0461b8b026b43d28c2bef.jpg,90,90.0
/home/jetson/jetsoncar_ws/recordings/cde19f1751e0/images/8a80f1c9be174e78a818960c3203ee0d.jpg,102.15,90.72
/home/jetson/jetsoncar_ws/recordings/cde19f1751e0/images/f9ee81594d674a09a97d8718a0c8c6d0.jpg,102.6,94.72
/home/jetson/jetsoncar_ws/recordings/cde19f1751e0/images/fbf7a8bbd41f4993b2fbecfd28d43d66.jpg,107.55000000000001,94.4
/home/jetson/jetsoncar_ws/recordings/cde19f1751e0/images/eb8132b829e9445fbb9f08416b967a17.jpg,105.3,93.2
/home/jetson/jetsoncar_ws/recordings/cde19f1751e0/images/503ecfb414f649bc8046e8928c7b148f.jpg,106.65,93.92
/home/jetson/jetsoncar_ws/recordings/cde19f1751e0/images/526b82a682054d88a5a604a298f10b0d.jpg,108.45,94.4
/home/jetson/jetsoncar_ws/recordings/cde19f1751e0/images/d6ee2db726c044f9a5e90be77f3905a0.jpg,90,93.92
/home/jetson/jetsoncar_ws/recordings/cde19f1751e0/images/a1159abbb1a94f3bb42753ed34a5c572.jpg,103.5,94.08
/home/jetson/jetsoncar_ws/recordings/cde19f1751e0/images/6eebe561d1de46b3bd44e20a297cb19c.jpg,90,90.0
/home/jetson/jetsoncar_ws/recordings/cde19f1751e0/images/d4cbb97ad92a4cb29f4bf96c18eba52f.jpg,103.5,90.0
/home/jetson/jetsoncar_ws/recordings/cde19f1751e0/images/c577ba8011bb45feb01703796f1c3c5a.jpg,102.6,91.52
/home/jetson/jetsoncar_ws/recordings/cde19f1751e0/images/e932de50930c4443b9986933460ce132.jpg,102.6,93.2
/home/jetson/jetsoncar_ws/recordings/cde19f1751e0/images/d85bdb28491c433d865dacb5bdc96d56.jpg,105.3,93.36
/home/jetson/jetsoncar_ws/recordings/cde19f1751e0/images/578b5e084749442897bede441aedcc91.jpg,105.3,93.44
/home/jetson/jetsoncar_ws/recordings/cde19f1751e0/images/2f4547119bf146fdb1a796c833e382ae.jpg,104.39999999999999,94.48
/home/jetson/jetsoncar_ws/recordings/cde19f1751e0/images/cabda1135e6e4b579c24b57c0438216c.jpg,107.55000000000001,94.48
/home/jetson/jetsoncar_ws/recordings/cde19f1751e0/images/d27eb60a339646a2a6a93bcc3d9585ff.jpg,90,93.28
/home/jetson/jetsoncar_ws/recordings/cde19f1751e0/images/a260274488bc4f2ca6c9833aaa599aaf.jpg,90,94.16
/home/jetson/jetsoncar_ws/recordings/cde19f1751e0/images/33e4045d4ff84348bde49273a74efe29.jpg,90,94.48
/home/jetson/jetsoncar_ws/recordings/cde19f1751e0/images/055979aa728d4deb94e9763dbff57507.jpg,101.7,90.0
/home/jetson/jetsoncar_ws/recordings/cde19f1751e0/images/2e56c2d2da4b475596317035d171924a.jpg,90,90.0
/home/jetson/jetsoncar_ws/recordings/cde19f1751e0/images/c067acd4c53a4b088cf5e3c15ef09773.jpg,90,94.16
/home/jetson/jetsoncar_ws/recordings/cde19f1751e0/images/626cd25413704bd882e50fd2a5cb1d63.jpg,90,94.24
/home/jetson/jetsoncar_ws/recordings/cde19f1751e0/images/24fef470c7e04ac68797aeaaad3f8eb5.jpg,102.6,94.24
/home/jetson/jetsoncar_ws/recordings/cde19f1751e0/images/b2de5aba907a421a9d793e2c81ac3ed7.jpg,107.55000000000001,94.16
/home/jetson/jetsoncar_ws/recordings/cde19f1751e0/images/22f0725193a24100b893b2d4e3a46b8d.jpg,90,90.0
/home/jetson/jetsoncar_ws/recordings/cde19f1751e0/images/e78d307e61174c2ab17d00b1ce684fff.jpg,100.35,90.0
/home/jetson/jetsoncar_ws/recordings/cde19f1751e0/images/c59754c2950a45d297e3142bb013980a.jpg,104.39999999999999,94.0
/home/jetson/jetsoncar_ws/recordings/cde19f1751e0/images/0151d6631683400bbde4d8151236c19f.jpg,106.65,94.08
/home/jetson/jetsoncar_ws/recordings/cde19f1751e0/images/ac0f116052cc4a7ca1c24b9aa63ec759.jpg,110.25000000000001,90.96
/home/jetson/jetsoncar_ws/recordings/cde19f1751e0/images/175d5f25d9d3428c8c4f744916d52c81.jpg,90,94.48
/home/jetson/jetsoncar_ws/recordings/cde19f1751e0/images/59d0a9e8e4ef4ab5a3e5893977dfa982.jpg,90,93.52
/home/jetson/jetsoncar_ws/recordings/cde19f1751e0/images/d9af7b075d7e474aaa6c761a8385aa48.jpg,90,94.4
/home/jetson/jetsoncar_ws/recordings/cde19f1751e0/images/45e2d45e657f450283c81f81e608616f.jpg,90,93.44
/home/jetson/jetsoncar_ws/recordings/cde19f1751e0/images/982c7a1277c441a6b75f5898dc8e4473.jpg,100.35,93.6
/home/jetson/jetsoncar_ws/recordings/cde19f1751e0/images/bad980c0a01d4c689eefe50d86b96edf.jpg,90,95.12
/home/jetson/jetsoncar_ws/recordings/cde19f1751e0/images/0930d3d41a7b4d5da84fee8f43b3e05b.jpg,102.6,95.04
/home/jetson/jetsoncar_ws/recordings/cde19f1751e0/images/622aec3c9c0f4321bf4274b0ecbdd222.jpg,90,94.96
/home/jetson/jetsoncar_ws/recordings/cde19f1751e0/images/0c37ec4324e7485aa236d7a78ffe54f3.jpg,90,94.88
/home/jetson/jetsoncar_ws/recordings/cde19f1751e0/images/13fc825e32454c018bc91cda3f7ad556.jpg,90,91.52
/home/jetson/jetsoncar_ws/recordings/cde19f1751e0/images/1ec5c3e508f04f0fa022db5b595bfa30.jpg,90,92.8
/home/jetson/jetsoncar_ws/recordings/cde19f1751e0/images/8aa3d9b3297f46808b98935b6b559069.jpg,90,93.76
/home/jetson/jetsoncar_ws/recordings/cde19f1751e0/images/ada63c79742149f2910aa545b3f0f4a5.jpg,90,94.56
/home/jetson/jetsoncar_ws/recordings/cde19f1751e0/images/2a5ee8e38c644d9c9dc5fe469a2ea1ce.jpg,90,94.4
/home/jetson/jetsoncar_ws/recordings/cde19f1751e0/images/7dea2923745c4f7c88b082465042a8c8.jpg,90,90.0
/home/jetson/jetsoncar_ws/recordings/cde19f1751e0/images/170618ef5f6f469bbb669b4e06757588.jpg,65.25,90.0
/home/jetson/jetsoncar_ws/recordings/cde19f1751e0/images/127d03960a7f42d7865fa0d255251557.jpg,49.5,90.0
/home/jetson/jetsoncar_ws/recordings/cde19f1751e0/images/cdcb0c5c023543cdb3fcef5def2d0f9f.jpg,49.5,93.12
/home/jetson/jetsoncar_ws/recordings/cde19f1751e0/images/a4de4aa10f804cdd8ec7a4687f3f6e68.jpg,49.5,93.76
/home/jetson/jetsoncar_ws/recordings/cde19f1751e0/images/23c07f331d254bce853d41223fcaf2b6.jpg,49.5,95.04
/home/jetson/jetsoncar_ws/recordings/cde19f1751e0/images/fba2279c78db4007a3b0801d53e676b5.jpg,76.5,92.4
/home/jetson/jetsoncar_ws/recordings/cde19f1751e0/images/8e67121e884741e794e403d934e9cad2.jpg,90,94.64
/home/jetson/jetsoncar_ws/recordings/cde19f1751e0/images/33a24f21a7274664b3c0248a1203b027.jpg,90,93.76
/home/jetson/jetsoncar_ws/recordings/cde19f1751e0/images/8b710cf36e694553ba9bc3fd3936b13e.jpg,90,94.8
/home/jetson/jetsoncar_ws/recordings/cde19f1751e0/images/812d2292b9e746799b5c64afd5a946bb.jpg,71.55,90.0
/home/jetson/jetsoncar_ws/recordings/cde19f1751e0/images/ad6b02b2e3d54dc3b535b0dd37ecfb6c.jpg,79.65,95.12
/home/jetson/jetsoncar_ws/recordings/cde19f1751e0/images/06a72c9c42a24c57ba2e1c3e5e4b06b8.jpg,90,95.12
/home/jetson/jetsoncar_ws/recordings/cde19f1751e0/images/2cc942f78d664fe084d9f81e7efa9997.jpg,75.6,95.12
/home/jetson/jetsoncar_ws/recordings/cde19f1751e0/images/6b8a89e4eeb949fdbba84ccc08ec260a.jpg,90,90.0
/home/jetson/jetsoncar_ws/recordings/cde19f1751e0/images/2ef667872fb34b6baf3e428236985c3b.jpg,90,90.0
/home/jetson/jetsoncar_ws/recordings/cde19f1751e0/images/a64648e1b1b040ee91123dba3d206c56.jpg,90,90.56
/home/jetson/jetsoncar_ws/recordings/cde19f1751e0/images/4124789ec176411495ab3f20f73f19a3.jpg,90,94.48
/home/jetson/jetsoncar_ws/recordings/cde19f1751e0/images/11b7c9123e894b58afe13de3cc48ffe2.jpg,90,94.56
/home/jetson/jetsoncar_ws/recordings/cde19f1751e0/images/17a3df6ac9da4f298a3e8e030d3be787.jpg,90,92.88
/home/jetson/jetsoncar_ws/recordings/cde19f1751e0/images/d33b21d9d1a14ad48423f73a1b79bfbf.jpg,90,94.64
/home/jetson/jetsoncar_ws/recordings/cde19f1751e0/images/5c5aea041ad8449c97f3f3438ade27d3.jpg,79.65,94.8
/home/jetson/jetsoncar_ws/recordings/cde19f1751e0/images/eaf2a88683bd40339c53d36d8f610680.jpg,90,93.84
/home/jetson/jetsoncar_ws/recordings/cde19f1751e0/images/646e2d94eb7a4fa18a70634251323609.jpg,90,94.8
/home/jetson/jetsoncar_ws/recordings/cde19f1751e0/images/5b6c145fcb184581b9367c4de65a8a26.jpg,78.75,90.0
/home/jetson/jetsoncar_ws/recordings/cde19f1751e0/images/eee1cbc6089e44c6892d8822dc622e83.jpg,90,94.4
/home/jetson/jetsoncar_ws/recordings/cde19f1751e0/images/8b78a72072e848d6b58839142bff6401.jpg,90,94.56
/home/jetson/jetsoncar_ws/recordings/cde19f1751e0/images/fe846595761f40de914bbb23da927971.jpg,90,93.76
/home/jetson/jetsoncar_ws/recordings/cde19f1751e0/images/37cdb64df0914d469e5fed771b25c1bc.jpg,90,90.0
/home/jetson/jetsoncar_ws/recordings/cde19f1751e0/images/10a74ce781204b1daf3b2b0246cb89f1.jpg,90,93.84
/home/jetson/jetsoncar_ws/recordings/cde19f1751e0/images/80c5c28c4d2d42df8243d882350d72e7.jpg,78.3,94.8
/home/jetson/jetsoncar_ws/recordings/cde19f1751e0/images/946a0ba5becd420e908c45c07c721880.jpg,76.5,90.0
/home/jetson/jetsoncar_ws/recordings/cde19f1751e0/images/491d715b18c4484c80bd93ce38c90988.jpg,90,90.0
/home/jetson/jetsoncar_ws/recordings/cde19f1751e0/images/afa0fc5659d54cbbbf61116f3152cf34.jpg,90,94.64
/home/jetson/jetsoncar_ws/recordings/cde19f1751e0/images/4ec512bd2f984db6b2186ee855297f9b.jpg,90,94.64
/home/jetson/jetsoncar_ws/recordings/cde19f1751e0/images/3cac7e7229b44acf81a022ef8ef9dcd3.jpg,90,90.0
/home/jetson/jetsoncar_ws/recordings/cde19f1751e0/images/a68efeba45b24e61b31694fdc83af976.jpg,90,90.0
/home/jetson/jetsoncar_ws/recordings/cde19f1751e0/images/753395abdd2c43299bb956ffdd1e442b.jpg,90,90.0
/home/jetson/jetsoncar_ws/recordings/cde19f1751e0/images/1147ccf12e9440a7b575d5b2998cf55f.jpg,90,90.0
/home/jetson/jetsoncar_ws/recordings/cde19f1751e0/images/3de8f2a8341c416fa2a1965538507d87.jpg,90,92.56
/home/jetson/jetsoncar_ws/recordings/cde19f1751e0/images/0ed41160b1ea475da0639b7a2c3709d5.jpg,90,93.6
/home/jetson/jetsoncar_ws/recordings/cde19f1751e0/images/26b6663394bb40dabf35b74921388f3c.jpg,90,94.4
/home/jetson/jetsoncar_ws/recordings/cde19f1751e0/images/bf062251b3244a82bca4bab69eca8e99.jpg,90,94.24
/home/jetson/jetsoncar_ws/recordings/cde19f1751e0/images/04157506b9164da8912e38aff3f2279f.jpg,90,90.0
/home/jetson/jetsoncar_ws/recordings/cde19f1751e0/images/76a1e83ba4db47919b138cb0c577bece.jpg,90,93.36
/home/jetson/jetsoncar_ws/recordings/cde19f1751e0/images/653975a915d24b4dad3c05a93234ea64.jpg,90,94.8
/home/jetson/jetsoncar_ws/recordings/cde19f1751e0/images/ede9abdc94114a6ab87c216bcba846e7.jpg,90,94.72
/home/jetson/jetsoncar_ws/recordings/cde19f1751e0/images/08278f2baf584e4186726792c51b50ea.jpg,90,93.44
/home/jetson/jetsoncar_ws/recordings/cde19f1751e0/images/712b79603ae84b459a9d751d25e641f0.jpg,90,90.0
/home/jetson/jetsoncar_ws/recordings/cde19f1751e0/images/573b3196cdfa43e8a004ffdb52a80ca3.jpg,90,90.0
/home/jetson/jetsoncar_ws/recordings/cde19f1751e0/images/b6fbb3db31ec43cba79d375a85858a21.jpg,101.25,94.08
/home/jetson/jetsoncar_ws/recordings/cde19f1751e0/images/faca40359ac44d63a4d1e66c009835ca.jpg,90,94.72
/home/jetson/jetsoncar_ws/recordings/cde19f1751e0/images/e6ea772a1a0940b286914b203ed6d1f3.jpg,90,94.24
/home/jetson/jetsoncar_ws/recordings/cde19f1751e0/images/34612a6f830344358805ecee7f965ce9.jpg,90,90.4
/home/jetson/jetsoncar_ws/recordings/cde19f1751e0/images/c9f3697e084944c08640b2155d8d0183.jpg,90,90.0
/home/jetson/jetsoncar_ws/recordings/cde19f1751e0/images/f5658c1502af4389a89ec35f4d0e7295.jpg,90,93.92
/home/jetson/jetsoncar_ws/recordings/cde19f1751e0/images/9807e17dc1504123ba6b0a57fec262f6.jpg,90,94.24
/home/jetson/jetsoncar_ws/recordings/cde19f1751e0/images/314cc58aab614f43a1acaf1be8a03f6f.jpg,90,94.08
/home/jetson/jetsoncar_ws/recordings/cde19f1751e0/images/e871972d95614a9992d4ceb2a9b8c0be.jpg,90,90.0
/home/jetson/jetsoncar_ws/recordings/cde19f1751e0/images/09f88340c9664a2eaa830351f05a37b4.jpg,90,94.32
/home/jetson/jetsoncar_ws/recordings/cde19f1751e0/images/27fee94f75f24c2ab231013d8d610862.jpg,90,94.32
/home/jetson/jetsoncar_ws/recordings/cde19f1751e0/images/f8960ffbf33342a69f3b892db968d9f8.jpg,90,94.32
/home/jetson/jetsoncar_ws/recordings/cde19f1751e0/images/698abce36b754390923a969d1d5073c0.jpg,90,90.0
/home/jetson/jetsoncar_ws/recordings/cde19f1751e0/images/90c1fa6d8a594e7d9e92df139c336434.jpg,90,94.0
/home/jetson/jetsoncar_ws/recordings/cde19f1751e0/images/d7f0ba4db54c44e4857b9b78ed872ede.jpg,90,94.56
/home/jetson/jetsoncar_ws/recordings/cde19f1751e0/images/d5b5876939074156ac73222ef3ce6b07.jpg,90,90.0
/home/jetson/jetsoncar_ws/recordings/cde19f1751e0/images/fd2001116e45478e95085fab575b6d82.jpg,90,90.0
/home/jetson/jetsoncar_ws/recordings/cde19f1751e0/images/774b4c23183f4cf0b9c6e2d9c3e0d66d.jpg,49.5,90.0
/home/jetson/jetsoncar_ws/recordings/cde19f1751e0/images/30ba5cf4a8114ed1a5b1a12238fa2c8b.jpg,49.5,90.0
/home/jetson/jetsoncar_ws/recordings/cde19f1751e0/images/e605aaa439964ad39ad7ebae85f2e8fb.jpg,49.5,92.72
/home/jetson/jetsoncar_ws/recordings/cde19f1751e0/images/7370451fab204600917548ad5480074a.jpg,49.5,94.0
/home/jetson/jetsoncar_ws/recordings/cde19f1751e0/images/5a71639ef4154fc382606cbee442f074.jpg,49.5,94.08
/home/jetson/jetsoncar_ws/recordings/cde19f1751e0/images/fe7a292b0b034db985f1e890e46e381b.jpg,90,90.0
/home/jetson/jetsoncar_ws/recordings/cde19f1751e0/images/2de61d7b7e4e4808b1639b3006319efc.jpg,72.9,92.48
/home/jetson/jetsoncar_ws/recordings/cde19f1751e0/images/b3aaf809b7a84ebaae57665ae3ecc752.jpg,49.5,94.8
/home/jetson/jetsoncar_ws/recordings/cde19f1751e0/images/3f00099f03594301b1dac54c8d81e53a.jpg,90,90.0
/home/jetson/jetsoncar_ws/recordings/cde19f1751e0/images/30d5f360c75b4f5f812c5a8d29d6377f.jpg,90,90.0
/home/jetson/jetsoncar_ws/recordings/cde19f1751e0/images/35672f2488ad4edea3098f2f2cc3efa2.jpg,77.85,94.8
/home/jetson/jetsoncar_ws/recordings/cde19f1751e0/images/3de0c4ea105f4c238b1b6ec407a9781b.jpg,90,94.8
/home/jetson/jetsoncar_ws/recordings/cde19f1751e0/images/2f0809c465594a749b07b254c514d708.jpg,69.75,90.0
/home/jetson/jetsoncar_ws/recordings/cde19f1751e0/images/5589ddd1e85a42c99610e48fca62a9a3.jpg,90,93.12
/home/jetson/jetsoncar_ws/recordings/cde19f1751e0/images/a01d8a30821b4293935dfbf3af125bd2.jpg,68.4,94.72
/home/jetson/jetsoncar_ws/recordings/cde19f1751e0/images/41a0fd5f2939460aa021dcc5e94b9cc2.jpg,90,90.72
/home/jetson/jetsoncar_ws/recordings/cde19f1751e0/images/6578483a25a645b2850f8206d042d092.jpg,90,90.0
/home/jetson/jetsoncar_ws/recordings/cde19f1751e0/images/97bec017789f4ea9b64cb2b9f387e384.jpg,90,90.0
/home/jetson/jetsoncar_ws/recordings/cde19f1751e0/images/35a7d0bac3d04c2d97adead039697b23.jpg,75.6,93.04
/home/jetson/jetsoncar_ws/recordings/cde19f1751e0/images/64424a57c12840f688270dd970ed9c40.jpg,73.35,94.96
/home/jetson/jetsoncar_ws/recordings/cde19f1751e0/images/34a213bdbeac4e7d90fc1392703d129b.jpg,90,93.6
/home/jetson/jetsoncar_ws/recordings/cde19f1751e0/images/e03f1558f54342ff9a7e3bcffa8c3a7f.jpg,90,90.0
/home/jetson/jetsoncar_ws/recordings/cde19f1751e0/images/15c3eb0f46f94fc2aca043a3a9160aeb.jpg,90,90.0
/home/jetson/jetsoncar_ws/recordings/cde19f1751e0/images/030cb9b6c86a47fa98585332a61c008f.jpg,90,94.4
/home/jetson/jetsoncar_ws/recordings/cde19f1751e0/images/40d50c49ecbd4962b135abbaf973a8b3.jpg,90,94.4
/home/jetson/jetsoncar_ws/recordings/cde19f1751e0/images/cca2886c5d544e329c278613532cc1fa.jpg,90,90.0
/home/jetson/jetsoncar_ws/recordings/cde19f1751e0/images/f87ad65fe57340ff9192c97260c408f4.jpg,90,90.0
/home/jetson/jetsoncar_ws/recordings/cde19f1751e0/images/d68b1988110b499cba326f75d328a80a.jpg,90,90.0
/home/jetson/jetsoncar_ws/recordings/cde19f1751e0/images/f9e19320295d4f1a9d4cd7276d2de9da.jpg,90,94.4
/home/jetson/jetsoncar_ws/recordings/cde19f1751e0/images/79add7ca65514f6b9487a835520f0ccc.jpg,90,94.4
/home/jetson/jetsoncar_ws/recordings/cde19f1751e0/images/e1de70d1c4b94ceb8864dc62680c0727.jpg,90,90.0
/home/jetson/jetsoncar_ws/recordings/cde19f1751e0/images/42acb1f1235843c2bb8d30b3fc026f41.jpg,90,90.0
/home/jetson/jetsoncar_ws/recordings/cde19f1751e0/images/d603f10f2ce04d7ba435e3962a8598fc.jpg,72.0,93.44
/home/jetson/jetsoncar_ws/recordings/cde19f1751e0/images/3c9ccb3a7e01492ab5dd392e43ba502a.jpg,72.0,93.92
/home/jetson/jetsoncar_ws/recordings/cde19f1751e0/images/20dfd77f6a134183a4b72795931ed497.jpg,73.8,94.96
/home/jetson/jetsoncar_ws/recordings/cde19f1751e0/images/513963300b5643bda6fe09bb5d6e7981.jpg,90,90.0
/home/jetson/jetsoncar_ws/recordings/cde19f1751e0/images/b83ae4b03e7648bbb8b23a2b771b129f.jpg,90,91.12
/home/jetson/jetsoncar_ws/recordings/cde19f1751e0/images/b33c0e049b3241c688ca60e1f09a8e2c.jpg,90,94.4
/home/jetson/jetsoncar_ws/recordings/cde19f1751e0/images/3e99dedb83a04130be18e59dc352cd38.jpg,90,90.56
/home/jetson/jetsoncar_ws/recordings/cde19f1751e0/images/fa6939f3ec9745a8a73d010ec77a0764.jpg,90,93.84
/home/jetson/jetsoncar_ws/recordings/cde19f1751e0/images/cb10961488ce479d90d88bb12e498fe9.jpg,90,94.0
/home/jetson/jetsoncar_ws/recordings/cde19f1751e0/images/8691207c78fb46f28f0dca33ebf90e02.jpg,90,94.0
/home/jetson/jetsoncar_ws/recordings/cde19f1751e0/images/91eb461a76234b2a95d894f2188778f3.jpg,90,93.52
/home/jetson/jetsoncar_ws/recordings/cde19f1751e0/images/d5ea3643c04e494bb8038bdf34ed9d32.jpg,90,93.52
/home/jetson/jetsoncar_ws/recordings/cde19f1751e0/images/b415a265c03a4776a054d5b6e5374552.jpg,90,93.68
/home/jetson/jetsoncar_ws/recordings/cde19f1751e0/images/98198c40e0fd4860a7bfa44f9b0c055b.jpg,90,93.68
/home/jetson/jetsoncar_ws/recordings/cde19f1751e0/images/9feee0d18b2f444f965783c8c1b59547.jpg,90,94.08
/home/jetson/jetsoncar_ws/recordings/cde19f1751e0/images/b04c5014b74242349ff96d613df34adc.jpg,90,94.08
/home/jetson/jetsoncar_ws/recordings/cde19f1751e0/images/ff7efc39040c46d1b540dac06d317bac.jpg,90,93.92
/home/jetson/jetsoncar_ws/recordings/cde19f1751e0/images/7b01192924c84e56a88d2d090608c5d5.jpg,90,91.28
/home/jetson/jetsoncar_ws/recordings/cde19f1751e0/images/594031b085bd46be9e63160eaba95895.jpg,90,92.08
/home/jetson/jetsoncar_ws/recordings/cde19f1751e0/images/7266d67242774e7ba4437f4df884b920.jpg,90,90.0
/home/jetson/jetsoncar_ws/recordings/cde19f1751e0/images/6dfc143f2d424362be64ea261a07e9c2.jpg,90,93.6
/home/jetson/jetsoncar_ws/recordings/cde19f1751e0/images/95606b11a92a4a9995a26891c9566714.jpg,90,94.4
/home/jetson/jetsoncar_ws/recordings/cde19f1751e0/images/2dbe649d9a1449d7bfc1ecde41eafd9c.jpg,90,90.0
/home/jetson/jetsoncar_ws/recordings/cde19f1751e0/images/d6356619903e47a7b228ec1c97295178.jpg,90,90.0
/home/jetson/jetsoncar_ws/recordings/cde19f1751e0/images/23c72b52a89b4d0cb294f98586a723a2.jpg,90,90.0
/home/jetson/jetsoncar_ws/recordings/cde19f1751e0/images/598f42aa87674d108b7faa480734b96f.jpg,90,93.92
/home/jetson/jetsoncar_ws/recordings/cde19f1751e0/images/775befc857a14b3cb5d98742344338b8.jpg,90,94.72
/home/jetson/jetsoncar_ws/recordings/cde19f1751e0/images/d6694ad87f474410b10a1349cc7f34fc.jpg,90,94.16
/home/jetson/jetsoncar_ws/recordings/cde19f1751e0/images/b60162403c444fcd8390eba125323078.jpg,90,90.0
/home/jetson/jetsoncar_ws/recordings/cde19f1751e0/images/f1c9a0d4c436442a91009d79d4756ac2.jpg,90,90.0
/home/jetson/jetsoncar_ws/recordings/cde19f1751e0/images/a58bbe918b8b4d2ca740fed194b38dd9.jpg,90,90.0
/home/jetson/jetsoncar_ws/recordings/cde19f1751e0/images/12c42b5938ce4de493d64d020ce0ed20.jpg,90,90.0
/home/jetson/jetsoncar_ws/recordings/cde19f1751e0/images/2506803658194169b5fe58eca207403c.jpg,102.6,95.04
/home/jetson/jetsoncar_ws/recordings/cde19f1751e0/images/6a59a8583a7f4b96a75601c074c39dba.jpg,90,95.12
/home/jetson/jetsoncar_ws/recordings/cde19f1751e0/images/785f8f7899b74d169414c3d12143f311.jpg,90,91.28
/home/jetson/jetsoncar_ws/recordings/cde19f1751e0/images/77e92eebe3cd4d49aca3ea288f158468.jpg,90,92.32
/home/jetson/jetsoncar_ws/recordings/cde19f1751e0/images/1ae964d4fc1f40ea9378f9336fba3823.jpg,104.85,93.76
/home/jetson/jetsoncar_ws/recordings/cde19f1751e0/images/0c5cd80acc4a45bfb8521883a5b3448b.jpg,107.55000000000001,94.4
/home/jetson/jetsoncar_ws/recordings/cde19f1751e0/images/d9a9ec86d61e42288549b61371c8a5cc.jpg,90,91.28
/home/jetson/jetsoncar_ws/recordings/cde19f1751e0/images/ef25d14db71e450998852d318bd438cf.jpg,90,90.0
/home/jetson/jetsoncar_ws/recordings/cde19f1751e0/images/269e41bbfdd9467091acbf8f2f66441f.jpg,90,92.16
/home/jetson/jetsoncar_ws/recordings/cde19f1751e0/images/bbd21e6afd2d4a1ba23e9497e7773fab.jpg,90,94.48
/home/jetson/jetsoncar_ws/recordings/cde19f1751e0/images/75f967a0be1548df885cc7ec2a6b2b5d.jpg,90,94.48
/home/jetson/jetsoncar_ws/recordings/cde19f1751e0/images/e2c7b5871ed34092882c77e7200c5c6b.jpg,90,90.0
/home/jetson/jetsoncar_ws/recordings/cde19f1751e0/images/bf54ee325201422d95e322c42b5f02a6.jpg,90,90.0
/home/jetson/jetsoncar_ws/recordings/cde19f1751e0/images/39335c1a378b4063a4fb8379711025f4.jpg,90,90.0
/home/jetson/jetsoncar_ws/recordings/cde19f1751e0/images/ecaa2a6ede054d7597f9f1eb58e614db.jpg,90,95.2
/home/jetson/jetsoncar_ws/recordings/cde19f1751e0/images/b5f2e9945fed4057a0b91bb93f078ac8.jpg,90,94.08
/home/jetson/jetsoncar_ws/recordings/cde19f1751e0/images/819535c9d90a47f6a38cdc763d36376a.jpg,90,90.0
/home/jetson/jetsoncar_ws/recordings/cde19f1751e0/images/30cf8a549823433aa9d239c0d176f56d.jpg,90,90.0
/home/jetson/jetsoncar_ws/recordings/cde19f1751e0/images/e26f1f21fcee4fe497f7ca10c0952272.jpg,90,90.0
/home/jetson/jetsoncar_ws/recordings/cde19f1751e0/images/bc02be86cb6d43c396e05a07a492c497.jpg,90,90.0
/home/jetson/jetsoncar_ws/recordings/cde19f1751e0/images/2c55978dba584968a4a2068bb003dcd8.jpg,90,90.4
/home/jetson/jetsoncar_ws/recordings/cde19f1751e0/images/a8f1e3f471fd4298b0d86d2bb3c61f3f.jpg,90,92.16
/home/jetson/jetsoncar_ws/recordings/cde19f1751e0/images/8036e72d74f344e3a9246a2dd54da912.jpg,90,90.0
/home/jetson/jetsoncar_ws/recordings/cde19f1751e0/images/5eea9fe339344a9091c5bf86ada780d8.jpg,90,90.0
/home/jetson/jetsoncar_ws/recordings/cde19f1751e0/images/a03dbb12aea24ebf9894c9f4e5bdce6b.jpg,90,90.0
/home/jetson/jetsoncar_ws/recordings/cde19f1751e0/images/071982c199b2492bb8fa2d79ca9ec637.jpg,90,90.0
/home/jetson/jetsoncar_ws/recordings/cde19f1751e0/images/7e9245115270463fa051ef9a27e99a8e.jpg,90,90.0
/home/jetson/jetsoncar_ws/recordings/cde19f1751e0/images/ee39f338d66e4d61ba2b01d4f500bf47.jpg,90,90.0
/home/jetson/jetsoncar_ws/recordings/cde19f1751e0/images/378d655479a54236bc9b6c45f491ed80.jpg,90,90.0
/home/jetson/jetsoncar_ws/recordings/cde19f1751e0/images/1451cf59ab884d5391b313a2259dbb2f.jpg,90,90.0
/home/jetson/jetsoncar_ws/recordings/cde19f1751e0/images/e436095f9c4f4066941b4d4d5190d434.jpg,90,92.56
/home/jetson/jetsoncar_ws/recordings/cde19f1751e0/images/7bad0a558310435f8838bbbec3acbc0c.jpg,90,94.4
/home/jetson/jetsoncar_ws/recordings/cde19f1751e0/images/95c3d438fb8d424a8a451c566187462d.jpg,90,94.4
/home/jetson/jetsoncar_ws/recordings/cde19f1751e0/images/f6927103593c47baa37568f9fb87c393.jpg,90,93.28
/home/jetson/jetsoncar_ws/recordings/cde19f1751e0/images/7607542bf910492897656db847ec4eb4.jpg,90,90.0
/home/jetson/jetsoncar_ws/recordings/cde19f1751e0/images/cfc71a53b6044a938fd099cd8a8eec39.jpg,90,90.0
/home/jetson/jetsoncar_ws/recordings/cde19f1751e0/images/24ea2c0e95524944bdb218908e4e5bbe.jpg,90,90.0
/home/jetson/jetsoncar_ws/recordings/cde19f1751e0/images/a3ac2e24e45046afad01259d0ee2bcfe.jpg,112.5,92.56
/home/jetson/jetsoncar_ws/recordings/cde19f1751e0/images/f07edec8678b40119a9603f5ac5369af.jpg,112.5,94.64
/home/jetson/jetsoncar_ws/recordings/cde19f1751e0/images/987308cef1c14c69afbbd16b040940a4.jpg,90,90.0
/home/jetson/jetsoncar_ws/recordings/cde19f1751e0/images/019b2fc866414462add1615f6db4a455.jpg,90,90.0
/home/jetson/jetsoncar_ws/recordings/cde19f1751e0/images/1a403319707e4c208392e283e9dad40a.jpg,90,93.36
/home/jetson/jetsoncar_ws/recordings/cde19f1751e0/images/ccdfd43812f44ba9938657200271fad3.jpg,90,94.56
/home/jetson/jetsoncar_ws/recordings/cde19f1751e0/images/13e5122a239840528a73e75b3b17c807.jpg,90,90.0
/home/jetson/jetsoncar_ws/recordings/cde19f1751e0/images/c6cf14b5da47459e98b44f42f7257950.jpg,90,90.0
/home/jetson/jetsoncar_ws/recordings/cde19f1751e0/images/4164d9015ed348b0af94b41829c64f13.jpg,90,93.04
/home/jetson/jetsoncar_ws/recordings/cde19f1751e0/images/d3bb88578bc744a5b77b7ce76a502270.jpg,90,94.4
/home/jetson/jetsoncar_ws/recordings/cde19f1751e0/images/535b18b27a2b440aba63e88f2b133910.jpg,90,94.4
/home/jetson/jetsoncar_ws/recordings/cde19f1751e0/images/39824dc6fbbf42168226fbf7f1752f35.jpg,90,90.0
/home/jetson/jetsoncar_ws/recordings/cde19f1751e0/images/c79d98059e4f41fd8f595bf697468654.jpg,121.95,90.0
/home/jetson/jetsoncar_ws/recordings/cde19f1751e0/images/9fe36655fd6f44c484269243bbb8bbf1.jpg,121.50000000000001,90.0
/home/jetson/jetsoncar_ws/recordings/cde19f1751e0/images/d75d3e6e83cc4bfeab5fe8b94d4c3c64.jpg,121.05,93.6
/home/jetson/jetsoncar_ws/recordings/cde19f1751e0/images/6bcaefbb45d74b15b5269e04e5a96c2b.jpg,120.14999999999999,94.0
/home/jetson/jetsoncar_ws/recordings/cde19f1751e0/images/278592492f814e96a48fdb9aec0cb199.jpg,120.14999999999999,94.08
/home/jetson/jetsoncar_ws/recordings/cde19f1751e0/images/9acdf610d713446986b3d2d67af3e219.jpg,90,90.0
/home/jetson/jetsoncar_ws/recordings/cde19f1751e0/images/e232ecc5eed048a0987c5ebb233b5042.jpg,90,90.0
/home/jetson/jetsoncar_ws/recordings/cde19f1751e0/images/60d1ee66c6774213b680ade943b06578.jpg,90,94.4
/home/jetson/jetsoncar_ws/recordings/cde19f1751e0/images/f4d8de9236264caba73d7acdd1aac520.jpg,90,94.4
/home/jetson/jetsoncar_ws/recordings/cde19f1751e0/images/77066d1ca30e445198278c0c2b2d1524.jpg,90,94.32
/home/jetson/jetsoncar_ws/recordings/cde19f1751e0/images/b8a4f746091a46b189d23aa1c5dcd0fc.jpg,90,90.0
/home/jetson/jetsoncar_ws/recordings/cde19f1751e0/images/527d387478684cb9b356f36be330c8f5.jpg,90,91.6
/home/jetson/jetsoncar_ws/recordings/cde19f1751e0/images/607d2bbe14104f39a3a528abce7bcb35.jpg,99.44999999999999,94.24
/home/jetson/jetsoncar_ws/recordings/cde19f1751e0/images/137d253ee3b641ed8e5d1e4894dc547e.jpg,100.8,94.48
/home/jetson/jetsoncar_ws/recordings/cde19f1751e0/images/7d91c2c6cac046868d3caae964c26b48.jpg,90,90.0
/home/jetson/jetsoncar_ws/recordings/cde19f1751e0/images/dfe19155f6794923ab06226782f85d85.jpg,90,90.0
/home/jetson/jetsoncar_ws/recordings/cde19f1751e0/images/c7ee855ebc4a48448f019b9ff747b1b9.jpg,90,93.92
/home/jetson/jetsoncar_ws/recordings/cde19f1751e0/images/8d9d1da19bb340f287a009492e9e36ed.jpg,90,94.56
/home/jetson/jetsoncar_ws/recordings/cde19f1751e0/images/b2d1880ac38044cb9206ab9af0c37c54.jpg,90,93.28
/home/jetson/jetsoncar_ws/recordings/cde19f1751e0/images/7ca64e2cfea24fedafc83c1473be00e3.jpg,90,90.0
/home/jetson/jetsoncar_ws/recordings/cde19f1751e0/images/7679cb3f1eb345289c1f012c4d0e8d07.jpg,90,90.0
/home/jetson/jetsoncar_ws/recordings/cde19f1751e0/images/d2db5bab7e004979ab3be82882c8b309.jpg,103.05000000000001,93.36
/home/jetson/jetsoncar_ws/recordings/cde19f1751e0/images/e3b0e71d4cc64daf85b70e764e2ff14a.jpg,103.05000000000001,94.56
/home/jetson/jetsoncar_ws/recordings/cde19f1751e0/images/1e4cadc9920c4fd6abfc334547c3d105.jpg,90,90.88
/home/jetson/jetsoncar_ws/recordings/cde19f1751e0/images/6fa360974b5e46df81cefdb0fc870322.jpg,90,90.0
/home/jetson/jetsoncar_ws/recordings/cde19f1751e0/images/f32b4d4572ce4ae5b524ad865fa91b07.jpg,90,92.48
/home/jetson/jetsoncar_ws/recordings/cde19f1751e0/images/f3287cdb9c3f452f82646694f3088cee.jpg,90,94.56
/home/jetson/jetsoncar_ws/recordings/cde19f1751e0/images/75a3f0d9a66a44339990792fc7148c93.jpg,90,94.64
/home/jetson/jetsoncar_ws/recordings/cde19f1751e0/images/b97e8c82ef564c18864ad4d16ffbf089.jpg,90,94.64
/home/jetson/jetsoncar_ws/recordings/cde19f1751e0/images/78ecf0d299374d9e98a7d6e330e71dc5.jpg,90,90.0
/home/jetson/jetsoncar_ws/recordings/cde19f1751e0/images/49cbdeae69084c9fbced9a36b524e90c.jpg,90,90.0
/home/jetson/jetsoncar_ws/recordings/cde19f1751e0/images/98f876f7920549c2ab1e2e22402b861c.jpg,90,90.0
/home/jetson/jetsoncar_ws/recordings/cde19f1751e0/images/d428d200532049a9830e192587b61691.jpg,90,94.48
/home/jetson/jetsoncar_ws/recordings/cde19f1751e0/images/9e10ab3b401f4848b6022a2a04c2cfcc.jpg,90,94.56
/home/jetson/jetsoncar_ws/recordings/cde19f1751e0/images/83eda69df63248d2931ec338d3718fd5.jpg,90,90.0
/home/jetson/jetsoncar_ws/recordings/cde19f1751e0/images/3bbb977be9e249429fa1a35b44c3642e.jpg,101.7,90.0
/home/jetson/jetsoncar_ws/recordings/cde19f1751e0/images/acb490da2fe64be3ad39923f9e16a704.jpg,112.5,93.6
/home/jetson/jetsoncar_ws/recordings/cde19f1751e0/images/3dabafa8d9a043909d0d4a850ada8e22.jpg,112.5,94.8
/home/jetson/jetsoncar_ws/recordings/cde19f1751e0/images/c1e6ec966a164693b9c0bcfa3377efa9.jpg,90,90.0
/home/jetson/jetsoncar_ws/recordings/cde19f1751e0/images/48d96e73c26d420294e10d3d9d13c2cc.jpg,90,93.36
/home/jetson/jetsoncar_ws/recordings/cde19f1751e0/images/9ed8bb1c101d426ca7af2e53e5d6d8af.jpg,90,94.48
/home/jetson/jetsoncar_ws/recordings/cde19f1751e0/images/e14e1963e63b4667b49391c4928f2095.jpg,99.44999999999999,94.4
/home/jetson/jetsoncar_ws/recordings/cde19f1751e0/images/0e34db1f6bcb4976b2614db209c550b0.jpg,90,91.92
/home/jetson/jetsoncar_ws/recordings/cde19f1751e0/images/63b5da56f5d349789443de2386c1fb7d.jpg,90,94.0
/home/jetson/jetsoncar_ws/recordings/cde19f1751e0/images/6c3403700e77493ca3e319828379283c.jpg,90,94.4
/home/jetson/jetsoncar_ws/recordings/cde19f1751e0/images/7884dda08d8f44b584c337a50ed3215c.jpg,90,94.4
/home/jetson/jetsoncar_ws/recordings/cde19f1751e0/images/7ca585b41912455b9c30d4f12b696d52.jpg,101.25,94.24
/home/jetson/jetsoncar_ws/recordings/cde19f1751e0/images/42b82ad495744935b88181c62ba2c6d4.jpg,90,90.0
/home/jetson/jetsoncar_ws/recordings/cde19f1751e0/images/a9b24672751641f39bbfecc035921e3d.jpg,90,90.0
/home/jetson/jetsoncar_ws/recordings/cde19f1751e0/images/d8805ebd5c9940f3b3d7867f5826a2f8.jpg,90,94.32
/home/jetson/jetsoncar_ws/recordings/cde19f1751e0/images/4d78fc109de949c5aac1b07a2caf2555.jpg,90,94.64
/home/jetson/jetsoncar_ws/recordings/cde19f1751e0/images/1332178f95304f84ba2f80b5bacde0d3.jpg,90,92.72
/home/jetson/jetsoncar_ws/recordings/cde19f1751e0/images/1b1182f5c412425ab95bfb71b6e18e20.jpg,90,90.0
/home/jetson/jetsoncar_ws/recordings/cde19f1751e0/images/b072fe502bae4a02a39ffeaf9d65c346.jpg,90,90.0
/home/jetson/jetsoncar_ws/recordings/cde19f1751e0/images/e0e77351df8e4bc9ab6e468ca48841dd.jpg,100.35,93.44
/home/jetson/jetsoncar_ws/recordings/cde19f1751e0/images/93934217434e4294988330b938cf5abb.jpg,90,94.08
/home/jetson/jetsoncar_ws/recordings/cde19f1751e0/images/5322e97bfa6842ca82ccb2ccb4ebb6a7.jpg,90,94.08
/home/jetson/jetsoncar_ws/recordings/cde19f1751e0/images/86494b5c99e14f1faeabcf4afdc3c7ac.jpg,90,93.76
/home/jetson/jetsoncar_ws/recordings/cde19f1751e0/images/0087de23e7f8452abf82393efe0b4e0a.jpg,90,90.0
/home/jetson/jetsoncar_ws/recordings/cde19f1751e0/images/7aed454a6b85498198546939b544da59.jpg,103.5,90.0
/home/jetson/jetsoncar_ws/recordings/cde19f1751e0/images/568403a33e3a4577b3540801f69ddba2.jpg,103.5,93.76
/home/jetson/jetsoncar_ws/recordings/cde19f1751e0/images/4ee28256af364f90a0c109feb032ab90.jpg,103.95,93.92
/home/jetson/jetsoncar_ws/recordings/cde19f1751e0/images/c143c02510964d46969661e37f24c267.jpg,104.39999999999999,94.24
/home/jetson/jetsoncar_ws/recordings/cde19f1751e0/images/ad667a0b9ff745939e05862f99fb9857.jpg,100.35,90.0
/home/jetson/jetsoncar_ws/recordings/cde19f1751e0/images/e341257eed4846f5910c62f8a06d2436.jpg,90,90.0
/home/jetson/jetsoncar_ws/recordings/cde19f1751e0/images/9ea3eb97dbe64cb29e477fc52033a01c.jpg,90,94.56
/home/jetson/jetsoncar_ws/recordings/cde19f1751e0/images/77d6b18535ed44f9b0f24cb06fc5d009.jpg,90,94.8
/home/jetson/jetsoncar_ws/recordings/cde19f1751e0/images/ab79ccd0a0904443a9203af2469a1ea9.jpg,90,90.0
/home/jetson/jetsoncar_ws/recordings/cde19f1751e0/images/94c4018ccefe4dc28f7153ddd4c1b58e.jpg,90,90.0
/home/jetson/jetsoncar_ws/recordings/cde19f1751e0/images/9924deb3d4764e7dba08545c38c3e24c.jpg,100.8,90.0
/home/jetson/jetsoncar_ws/recordings/cde19f1751e0/images/9c79aefd88b74b749a0d5487ca96b58c.jpg,100.8,93.04
/home/jetson/jetsoncar_ws/recordings/cde19f1751e0/images/ec368dc7d0984d578cdc222386ad3c37.jpg,100.8,94.32
/home/jetson/jetsoncar_ws/recordings/cde19f1751e0/images/958fd4c0c77d470b97248b2d8d465cc2.jpg,90,90.0
/home/jetson/jetsoncar_ws/recordings/cde19f1751e0/images/c3d87e50dd1a4c2c9556f32b1e7880b9.jpg,90,90.0
/home/jetson/jetsoncar_ws/recordings/cde19f1751e0/images/f93e1127e16c45cd8aa68b6dcd144245.jpg,90,90.0
/home/jetson/jetsoncar_ws/recordings/cde19f1751e0/images/122abe22e54245799ed692a058965849.jpg,90,91.28
/home/jetson/jetsoncar_ws/recordings/cde19f1751e0/images/75a4dc9a361c4cd9a20585e840fb275d.jpg,90,94.4
/home/jetson/jetsoncar_ws/recordings/cde19f1751e0/images/713a849e2a254f64be5c889daf518a67.jpg,90,94.4
/home/jetson/jetsoncar_ws/recordings/cde19f1751e0/images/8e05e3069bc943708d5594cc05e4bbee.jpg,90,90.0
/home/jetson/jetsoncar_ws/recordings/cde19f1751e0/images/589eb25875c946cf9887c0b62dc5b388.jpg,90,90.0
/home/jetson/jetsoncar_ws/recordings/cde19f1751e0/images/f48ef27534904a45a6838e35b33b50c4.jpg,99.44999999999999,92.32
/home/jetson/jetsoncar_ws/recordings/cde19f1751e0/images/d9da5f80694c4297bca8fa00ec4dd3c1.jpg,99.9,94.8
/home/jetson/jetsoncar_ws/recordings/cde19f1751e0/images/bffb16e6b2e341d0b0661847fa1ade3a.jpg,99.9,94.88
/home/jetson/jetsoncar_ws/recordings/cde19f1751e0/images/81eae53f245844f4adfc83388e82e506.jpg,90,90.0
/home/jetson/jetsoncar_ws/recordings/cde19f1751e0/images/7f62f1b83ba146dd976e8444600988f7.jpg,90,90.0
/home/jetson/jetsoncar_ws/recordings/cde19f1751e0/images/640b64c943744f1fa396d24822458186.jpg,90,93.12
/home/jetson/jetsoncar_ws/recordings/cde19f1751e0/images/b21b8fb8b44d4d1fb0a1e7fe8a763f6a.jpg,90,94.48
/home/jetson/jetsoncar_ws/recordings/cde19f1751e0/images/b6472731ac334ba294e11295b6fd4f0a.jpg,90,90.16
/home/jetson/jetsoncar_ws/recordings/cde19f1751e0/images/4990d8c15ea94bbfb0727519f344e068.jpg,90,90.0
/home/jetson/jetsoncar_ws/recordings/cde19f1751e0/images/85f1f5dfccd04da2af1bbec51d8be8a6.jpg,103.5,93.6
/home/jetson/jetsoncar_ws/recordings/cde19f1751e0/images/25bd3d11d41645bfb4d8b14198db93ed.jpg,104.85,95.04
/home/jetson/jetsoncar_ws/recordings/cde19f1751e0/images/b5e196c8d45546d1bc0c78cbcdaae6d4.jpg,103.05000000000001,95.04
/home/jetson/jetsoncar_ws/recordings/cde19f1751e0/images/f8303771462941efb08f65fbe5ef3ad9.jpg,90,90.0
/home/jetson/jetsoncar_ws/recordings/cde19f1751e0/images/2bdf90446a8f4b819cdc378afd45e219.jpg,90,90.0
/home/jetson/jetsoncar_ws/recordings/cde19f1751e0/images/c6c3e85cf895465aa8cb176cb784a5c1.jpg,90,94.8
/home/jetson/jetsoncar_ws/recordings/cde19f1751e0/images/263bb81a01964274a2752248826d21de.jpg,90,94.88
/home/jetson/jetsoncar_ws/recordings/cde19f1751e0/images/8b05e71046804385b0aaa6db0e399804.jpg,99.9,94.88
/home/jetson/jetsoncar_ws/recordings/cde19f1751e0/images/14232d6280c24b5bab4b5a742ac01398.jpg,115.2,94.88
/home/jetson/jetsoncar_ws/recordings/cde19f1751e0/images/847b7dcd40af476f97f6f56aafe931af.jpg,90,90.0
/home/jetson/jetsoncar_ws/recordings/cde19f1751e0/images/e4209c782c684186ac883315d65e51d7.jpg,90,90.0
/home/jetson/jetsoncar_ws/recordings/cde19f1751e0/images/d140568c0b9640da920dd34744204b1d.jpg,90,94.0
/home/jetson/jetsoncar_ws/recordings/cde19f1751e0/images/2e3cac6cd33e433b87696d13d1a2279a.jpg,90,94.8
/home/jetson/jetsoncar_ws/recordings/cde19f1751e0/images/56a1f34bea4a4448a3da6fb7bb9c6859.jpg,90,90.4
/home/jetson/jetsoncar_ws/recordings/cde19f1751e0/images/19bd93e952b04ddfab041bedbc46b9b5.jpg,90,90.0
/home/jetson/jetsoncar_ws/recordings/cde19f1751e0/images/bf3a3a5bc4404ce9ab498049841e783c.jpg,90,92.32
/home/jetson/jetsoncar_ws/recordings/cde19f1751e0/images/41b8db7dd5c64996a8dadec6188b3ba3.jpg,90,94.64
/home/jetson/jetsoncar_ws/recordings/cde19f1751e0/images/b86b31bae3b6480aaccb8fb0b4099234.jpg,90,94.64
/home/jetson/jetsoncar_ws/recordings/cde19f1751e0/images/4bb1c17f5b844b8ea4d517231985b334.jpg,90,90.0
/home/jetson/jetsoncar_ws/recordings/cde19f1751e0/images/6441e1b0610d4802855e6d10e6008638.jpg,90,90.0
/home/jetson/jetsoncar_ws/recordings/cde19f1751e0/images/9371f89d30a6451f971922d1d2c6027c.jpg,90,90.0
/home/jetson/jetsoncar_ws/recordings/cde19f1751e0/images/17a4202b64b240babb3776baac3ff67f.jpg,90,94.72
/home/jetson/jetsoncar_ws/recordings/cde19f1751e0/images/bc03f45e7be64ddfabf22c36a4bab35a.jpg,90,94.8
/home/jetson/jetsoncar_ws/recordings/cde19f1751e0/images/1f85b0f9e4554ff5933779b2c7a7fe66.jpg,90,90.0
/home/jetson/jetsoncar_ws/recordings/cde19f1751e0/images/ad4a0e44cef843eaa7df5c69eb7b5a8e.jpg,90,90.0
/home/jetson/jetsoncar_ws/recordings/cde19f1751e0/images/f3b5340bf09d40da98cac33f702d65fb.jpg,90,93.28
/home/jetson/jetsoncar_ws/recordings/cde19f1751e0/images/560418942466422db3ccf6f84f09db65.jpg,90,94.16
/home/jetson/jetsoncar_ws/recordings/cde19f1751e0/images/a41791afc3014cedac11724811cc1bd9.jpg,80.55000000000001,94.24
/home/jetson/jetsoncar_ws/recordings/cde19f1751e0/images/aeb7a3bff01c4af4a6fa04abd4e5bad9.jpg,78.3,94.16
/home/jetson/jetsoncar_ws/recordings/cde19f1751e0/images/74f2f983e0f84d149f53c68f2f8d0429.jpg,90,90.0
/home/jetson/jetsoncar_ws/recordings/cde19f1751e0/images/ef29cf46851346af8da081cd06f5c353.jpg,90,90.0
/home/jetson/jetsoncar_ws/recordings/cde19f1751e0/images/854e3ab615a641caa1b1a29d83287379.jpg,90,90.0
/home/jetson/jetsoncar_ws/recordings/cde19f1751e0/images/90b3b4148f55488bbf086faa562e6cc5.jpg,90,94.32
/home/jetson/jetsoncar_ws/recordings/cde19f1751e0/images/476223f7f5d241e1a404added269610b.jpg,90,94.64
/home/jetson/jetsoncar_ws/recordings/cde19f1751e0/images/c68647db7186427894284e70add1bd63.jpg,90,90.0
/home/jetson/jetsoncar_ws/recordings/cde19f1751e0/images/32152db7617b43e5857d11060036a4a8.jpg,90,90.0
/home/jetson/jetsoncar_ws/recordings/cde19f1751e0/images/5c8aeff77fe74b04b3a99ed9df858d3b.jpg,79.2,90.0
/home/jetson/jetsoncar_ws/recordings/cde19f1751e0/images/1586d6e7e97c4aa28ddbd59833d345bc.jpg,79.2,93.92
/home/jetson/jetsoncar_ws/recordings/cde19f1751e0/images/6df94233f027452f909edb75a518e90c.jpg,90,94.8
/home/jetson/jetsoncar_ws/recordings/cde19f1751e0/images/25952d0c76734761b42be55caab400e7.jpg,90,90.0
/home/jetson/jetsoncar_ws/recordings/cde19f1751e0/images/2ebdf1d197a044ed869570bbe007666a.jpg,90,90.0
/home/jetson/jetsoncar_ws/recordings/cde19f1751e0/images/77cef7cebe7c4e53897a5e957f99c463.jpg,90,90.0
/home/jetson/jetsoncar_ws/recordings/cde19f1751e0/images/8aa9c80827d74077a42a274f632ed70e.jpg,90,94.24
/home/jetson/jetsoncar_ws/recordings/cde19f1751e0/images/e2a45dfceeba4acfa59756c38f230acc.jpg,77.85,94.4
/home/jetson/jetsoncar_ws/recordings/cde19f1751e0/images/fe4531448f3f4f70bba59501fed79d04.jpg,90,90.0
/home/jetson/jetsoncar_ws/recordings/cde19f1751e0/images/71cd7c4848c74e27b8c4f15510ff9c8a.jpg,90,90.0
/home/jetson/jetsoncar_ws/recordings/cde19f1751e0/images/c5c502d10efd4858bf4626915364dfd9.jpg,74.7,93.52
/home/jetson/jetsoncar_ws/recordings/cde19f1751e0/images/a0ab3a83019d4766b53fb46c80a45570.jpg,74.7,94.64
/home/jetson/jetsoncar_ws/recordings/cde19f1751e0/images/b2b522b7e8ad430897b01a7e2cf5404d.jpg,90,90.0
/home/jetson/jetsoncar_ws/recordings/cde19f1751e0/images/f50c1a48beaf422a8b5ca7e0ab189712.jpg,90,90.0
/home/jetson/jetsoncar_ws/recordings/cde19f1751e0/images/ca12ceb6005f47de9b1e193f3036bcf2.jpg,90,90.0
/home/jetson/jetsoncar_ws/recordings/cde19f1751e0/images/9a1ad168fb8b4d0d8f2784b54120dba6.jpg,90,94.64
/home/jetson/jetsoncar_ws/recordings/cde19f1751e0/images/585b70c745b1463ea4329112575c96af.jpg,90,94.64
/home/jetson/jetsoncar_ws/recordings/cde19f1751e0/images/06735c88ff6c4308950407a0f25884a0.jpg,90,90.0
/home/jetson/jetsoncar_ws/recordings/cde19f1751e0/images/2d1160a9f77548fc9dc94406ef7bffc6.jpg,90,90.0
/home/jetson/jetsoncar_ws/recordings/cde19f1751e0/images/c8775626823544adaa31363a585caa6c.jpg,90,90.0
/home/jetson/jetsoncar_ws/recordings/cde19f1751e0/images/bd3afa43edc745b3ac09328f61143862.jpg,90,94.16
/home/jetson/jetsoncar_ws/recordings/cde19f1751e0/images/6b1d79404fcc41cf8d6ed36fc201cd2b.jpg,90,95.12
/home/jetson/jetsoncar_ws/recordings/cde19f1751e0/images/9f7fa46677c74a2a9a1547e95f144ce1.jpg,90,90.0
/home/jetson/jetsoncar_ws/recordings/cde19f1751e0/images/bf153bc9a12c4d9fbae246e0eb923942.jpg,90,90.0
/home/jetson/jetsoncar_ws/recordings/cde19f1751e0/images/6979ba314a6845a9a294ac1c2911d3c5.jpg,90,94.0
/home/jetson/jetsoncar_ws/recordings/cde19f1751e0/images/9c081adb1c2e446383395833d2286aec.jpg,90,95.36
/home/jetson/jetsoncar_ws/recordings/cde19f1751e0/images/0f4b6816e741487cbc82e82eb591d749.jpg,90,95.36
/home/jetson/jetsoncar_ws/recordings/cde19f1751e0/images/435ec5fd32184d41a9172be49577b942.jpg,90,94.16
/home/jetson/jetsoncar_ws/recordings/cde19f1751e0/images/149d69a43637442fa6d0502c38744d60.jpg,90,90.0
/home/jetson/jetsoncar_ws/recordings/cde19f1751e0/images/c2c248483d504c98ad13e5c4e98c650d.jpg,90,90.0
/home/jetson/jetsoncar_ws/recordings/cde19f1751e0/images/0919e515b9d74952b2f58d73c6c794ea.jpg,90,95.36
/home/jetson/jetsoncar_ws/recordings/cde19f1751e0/images/547c96ded71e44f78aa7dbfc8742df5f.jpg,90,95.44
/home/jetson/jetsoncar_ws/recordings/cde19f1751e0/images/6d8d5a06782f46a69fcb8b8a919e1667.jpg,90,94.08
/home/jetson/jetsoncar_ws/recordings/cde19f1751e0/images/a3969b1c59ef472faf0a2ee64314e5e9.jpg,90,90.0
/home/jetson/jetsoncar_ws/recordings/cde19f1751e0/images/2cedf83b2bff439b879477a84f5fef31.jpg,90,90.0
/home/jetson/jetsoncar_ws/recordings/cde19f1751e0/images/3a91621f3ecd4f3ba1c7d9632fb6d8f8.jpg,90,93.92
/home/jetson/jetsoncar_ws/recordings/cde19f1751e0/images/f36dc6416f9a4baf8dff9ad20adf7974.jpg,90,95.04
/home/jetson/jetsoncar_ws/recordings/cde19f1751e0/images/bcef4f2f099f456ab25f94ea11511650.jpg,79.2,94.96
/home/jetson/jetsoncar_ws/recordings/cde19f1751e0/images/f2c5874e957d41b68ef3b884ba54d093.jpg,63.45,90.0
/home/jetson/jetsoncar_ws/recordings/cde19f1751e0/images/81ba73b6a8b34ae0995f7282694f324d.jpg,63.45,90.0
/home/jetson/jetsoncar_ws/recordings/cde19f1751e0/images/762a784d4bbf47dbb6a06d8d836f6648.jpg,90,90.0
/home/jetson/jetsoncar_ws/recordings/cde19f1751e0/images/1fd28bdd0183401a9bbd4a0396945fb1.jpg,130.5,91.44
/home/jetson/jetsoncar_ws/recordings/cde19f1751e0/images/3646be27a2ad476792dad7ba0454a567.jpg,130.5,93.52
/home/jetson/jetsoncar_ws/recordings/cde19f1751e0/images/ee82a88dfd5c48b3927c0fbc38bdf46b.jpg,90,90.0
/home/jetson/jetsoncar_ws/recordings/cde19f1751e0/images/bb97683c68cb40459844222b0e6c8dbe.jpg,90,93.92
/home/jetson/jetsoncar_ws/recordings/cde19f1751e0/images/58ab6967775343658755f070e6e7220b.jpg,90,95.12
/home/jetson/jetsoncar_ws/recordings/cde19f1751e0/images/2c077f4d37cf4b4f81b60d009e774c0c.jpg,90,94.4
/home/jetson/jetsoncar_ws/recordings/cde19f1751e0/images/45e2f163a5044786b62a8e1eef4b3287.jpg,90,90.0
/home/jetson/jetsoncar_ws/recordings/cde19f1751e0/images/6f2457eee26b4ae498e990a8c1272eca.jpg,90,90.0
/home/jetson/jetsoncar_ws/recordings/cde19f1751e0/images/1ff566000b6e475bb162ba2861dd845d.jpg,90,90.0
/home/jetson/jetsoncar_ws/recordings/cde19f1751e0/images/e167912dab944cf48e60e78a1bfe67f7.jpg,90,92.72
/home/jetson/jetsoncar_ws/recordings/cde19f1751e0/images/8224e772cbc34e419087bc33a3061520.jpg,90,94.8
/home/jetson/jetsoncar_ws/recordings/cde19f1751e0/images/938c364248a84b748797ee0df8d0589f.jpg,90,90.0
/home/jetson/jetsoncar_ws/recordings/cde19f1751e0/images/57c4bbb2cbc14f858b9a31343d780392.jpg,90,90.0
/home/jetson/jetsoncar_ws/recordings/cde19f1751e0/images/414c1a8571e74319aeb8d16a689cdc7b.jpg,90,94.08
/home/jetson/jetsoncar_ws/recordings/cde19f1751e0/images/fefc1a657db24835bc8b34fcec020e1d.jpg,72.9,94.8
/home/jetson/jetsoncar_ws/recordings/cde19f1751e0/images/e1eb997f83fa4d7d89388c771652c417.jpg,67.05,91.84
/home/jetson/jetsoncar_ws/recordings/cde19f1751e0/images/1f1a0cc4dbe1463b8f9d13153296be8c.jpg,90,90.0
/home/jetson/jetsoncar_ws/recordings/cde19f1751e0/images/bb1c541e54e64d159d48aa3e17d697c5.jpg,90,90.0
/home/jetson/jetsoncar_ws/recordings/cde19f1751e0/images/10baed90799f410299bcc318395efe0e.jpg,90,90.0
/home/jetson/jetsoncar_ws/recordings/cde19f1751e0/images/c3498068f19a48358c71041e87dc949a.jpg,76.5,94.96
/home/jetson/jetsoncar_ws/recordings/cde19f1751e0/images/a9d18cdecf1f45adb279c237afe2cd12.jpg,74.25,95.04
/home/jetson/jetsoncar_ws/recordings/cde19f1751e0/images/3c1f591ef75549e598b7ee763eac10bc.jpg,90,90.0
/home/jetson/jetsoncar_ws/recordings/cde19f1751e0/images/008d42dfb01549a396a34811b0ef77ad.jpg,90,90.0
/home/jetson/jetsoncar_ws/recordings/cde19f1751e0/images/f6abbeebc64e4b5b8c28d30fbf561d20.jpg,130.5,94.8
/home/jetson/jetsoncar_ws/recordings/cde19f1751e0/images/ecfd1da5105c4d9097b1e79db41eef40.jpg,90,90.0
/home/jetson/jetsoncar_ws/recordings/cde19f1751e0/images/cbc7a992363d4fd49235f46b896ac48a.jpg,90,90.0
/home/jetson/jetsoncar_ws/recordings/cde19f1751e0/images/c216edd5cf5b4c41959ac08c3990b637.jpg,90,94.8
/home/jetson/jetsoncar_ws/recordings/cde19f1751e0/images/6c8a5228d0374ef981983022bad83a9e.jpg,63.9,94.72
/home/jetson/jetsoncar_ws/recordings/cde19f1751e0/images/2c1b9aa85b60485e864de58d7a5bf893.jpg,90,90.0
/home/jetson/jetsoncar_ws/recordings/cde19f1751e0/images/f74837c6fa4c430cb9975a90a606e4cc.jpg,90,90.0
/home/jetson/jetsoncar_ws/recordings/cde19f1751e0/images/4b56e178940f4da7abc7f345cac90f19.jpg,90,90.0
/home/jetson/jetsoncar_ws/recordings/cde19f1751e0/images/f14da4b7eab845c3af0c4a372e628b4f.jpg,90,94.32
/home/jetson/jetsoncar_ws/recordings/cde19f1751e0/images/74e4ee11dfbc46b798a25e189b826110.jpg,49.5,92.16
/home/jetson/jetsoncar_ws/recordings/cde19f1751e0/images/d7eadc5707f34d04950b91cc4bc1d0d9.jpg,90,90.0
/home/jetson/jetsoncar_ws/recordings/cde19f1751e0/images/04713683d1f04f2cb9ef2556887ab3f5.jpg,90,90.0
/home/jetson/jetsoncar_ws/recordings/cde19f1751e0/images/4745bd613e914d6b9e544abdd7bac2ec.jpg,49.5,94.8
/home/jetson/jetsoncar_ws/recordings/cde19f1751e0/images/bb33b01f5762415eb4bfd08d80caa877.jpg,49.5,95.68
/home/jetson/jetsoncar_ws/recordings/cde19f1751e0/images/95997b0abd4b4c31b73fd3ba6273e48e.jpg,90,90.0
/home/jetson/jetsoncar_ws/recordings/cde19f1751e0/images/b302d8562b8742e093f63088253fcbd8.jpg,90,90.0
/home/jetson/jetsoncar_ws/recordings/cde19f1751e0/images/a6fd88c7ef884fb28a6852f383807ff2.jpg,90,92.16
/home/jetson/jetsoncar_ws/recordings/cde19f1751e0/images/2cc7f7cf672445cbb7b6cb695037830a.jpg,90,94.8
/home/jetson/jetsoncar_ws/recordings/cde19f1751e0/images/ddccd3dfe63f4c39b75542131cfe5367.jpg,74.7,94.8
/home/jetson/jetsoncar_ws/recordings/cde19f1751e0/images/09d1df0974ba406d8dbf206223a4f08e.jpg,90,90.0
/home/jetson/jetsoncar_ws/recordings/cde19f1751e0/images/d9bcc47fe23344f0ad168256b3028136.jpg,90,90.0
/home/jetson/jetsoncar_ws/recordings/cde19f1751e0/images/b25ccac736284efba13c688e1b1244fa.jpg,66.6,95.12
/home/jetson/jetsoncar_ws/recordings/cde19f1751e0/images/874ac75dc2434f46bd124b788c8dc5ba.jpg,90,90.0
/home/jetson/jetsoncar_ws/recordings/cde19f1751e0/images/5a0ab2554fce4ed784c2abeb372f70ac.jpg,90,90.0
/home/jetson/jetsoncar_ws/recordings/cde19f1751e0/images/ff08fbc3d67e4ee29a51297ea3b67057.jpg,90,93.12
/home/jetson/jetsoncar_ws/recordings/cde19f1751e0/images/37f89ff663d64d1bb633049bd6cfe4ff.jpg,90,94.64
/home/jetson/jetsoncar_ws/recordings/cde19f1751e0/images/c237bc3c90f24c3db20a45410a0fadd3.jpg,90,90.0
/home/jetson/jetsoncar_ws/recordings/cde19f1751e0/images/5846e08d5ff6409bbf654c41dbf73f3f.jpg,90,90.0
/home/jetson/jetsoncar_ws/recordings/cde19f1751e0/images/757f7ec10ce041608e70f4330d7d1c22.jpg,90,90.88
/home/jetson/jetsoncar_ws/recordings/cde19f1751e0/images/cf535aebd7204064885bf3ff6b0e004a.jpg,90,94.72
/home/jetson/jetsoncar_ws/recordings/cde19f1751e0/images/16136dfcb1f645bbb447e83b551ca9e9.jpg,90,90.0
/home/jetson/jetsoncar_ws/recordings/cde19f1751e0/images/a4b24732039c44d985dccb5632d47500.jpg,90,90.0
/home/jetson/jetsoncar_ws/recordings/cde19f1751e0/images/412095f099da4862a1b3a0c1d8a79488.jpg,90,90.0
/home/jetson/jetsoncar_ws/recordings/cde19f1751e0/images/3db8eae0628042afa96cda26796e0ddc.jpg,72.9,90.0
/home/jetson/jetsoncar_ws/recordings/cde19f1751e0/images/e876af43af9644e394e9ed41299ac6d0.jpg,65.25,90.32
/home/jetson/jetsoncar_ws/recordings/cde19f1751e0/images/1c4b9b36ae0e44a49cfb73f6d137e828.jpg,65.25,93.04
/home/jetson/jetsoncar_ws/recordings/cde19f1751e0/images/4ac7d47710c642f1a97c803230b96176.jpg,65.25,94.08
/home/jetson/jetsoncar_ws/recordings/cde19f1751e0/images/234116382a7e4f81803493dde996232a.jpg,65.25,90.0
/home/jetson/jetsoncar_ws/recordings/cde19f1751e0/images/734fb5764b6c4f028da5b6911d5d292c.jpg,90,90.0
/home/jetson/jetsoncar_ws/recordings/cde19f1751e0/images/19ea11b241af4ffb868e4910a825778f.jpg,90,93.76
/home/jetson/jetsoncar_ws/recordings/cde19f1751e0/images/7347787ef35e4608b00a65d72b8fce17.jpg,116.55,92.32
/home/jetson/jetsoncar_ws/recordings/cde19f1751e0/images/aad4dbcc5ca74f8d9ec68a8d0ebd8d75.jpg,90,90.0
/home/jetson/jetsoncar_ws/recordings/cde19f1751e0/images/896a64f692fe40e7818c0fd3b5cbebbb.jpg,90,90.0
/home/jetson/jetsoncar_ws/recordings/cde19f1751e0/images/6cc525b530b447b2ae6f21432d6ccf0e.jpg,90,94.8
/home/jetson/jetsoncar_ws/recordings/cde19f1751e0/images/427e23a650f348c789a70eed6d71c6e0.jpg,101.7,94.4
/home/jetson/jetsoncar_ws/recordings/cde19f1751e0/images/23a27363baa2491f81d2bbc3377dd5f7.jpg,90,90.0
/home/jetson/jetsoncar_ws/recordings/cde19f1751e0/images/f419549e30444f41b60f426394415e7f.jpg,90,91.2
/home/jetson/jetsoncar_ws/recordings/cde19f1751e0/images/65adc2d7b35042bd8f0b518ee8292c1b.jpg,90,94.32
/home/jetson/jetsoncar_ws/recordings/cde19f1751e0/images/ac983a41d2504c43bf769e88582d562d.jpg,90,94.4
/home/jetson/jetsoncar_ws/recordings/cde19f1751e0/images/e3ec1031bf514919862b86af186d6870.jpg,90,92.8
/home/jetson/jetsoncar_ws/recordings/cde19f1751e0/images/ac1101c179a04ef582e68e8d6fc33772.jpg,101.25,90.0
/home/jetson/jetsoncar_ws/recordings/cde19f1751e0/images/dfd22a3fb843414696d2ba2847d900ac.jpg,116.55,90.0
/home/jetson/jetsoncar_ws/recordings/cde19f1751e0/images/9abf2b83813042db8f9e674d13eb573e.jpg,116.10000000000001,94.8
/home/jetson/jetsoncar_ws/recordings/cde19f1751e0/images/3a62607cdf554f8db33d7ab3e664cfcd.jpg,90,92.72
/home/jetson/jetsoncar_ws/recordings/cde19f1751e0/images/0dc87109a4914d779ec89aa66fb5b81e.jpg,49.5,90.0
/home/jetson/jetsoncar_ws/recordings/cde19f1751e0/images/bffb25c1be52493faffa35ff437d2171.jpg,90,90.0
/home/jetson/jetsoncar_ws/recordings/cde19f1751e0/images/5a9112bffc814fb4933301e876b4242a.jpg,90,92.0
/home/jetson/jetsoncar_ws/recordings/cde19f1751e0/images/3fee7768e42e45e6b1ee9135ad1fe8f2.jpg,77.4,94.64
/home/jetson/jetsoncar_ws/recordings/cde19f1751e0/images/d4c459e297ed456887677d5d59dc23a2.jpg,90,90.0
/home/jetson/jetsoncar_ws/recordings/cde19f1751e0/images/c243617ee70b41fd8bcc2eed930a259f.jpg,90,90.0
/home/jetson/jetsoncar_ws/recordings/cde19f1751e0/images/34127f7ef37a4f09bb6f39f14ccada25.jpg,90,94.08
/home/jetson/jetsoncar_ws/recordings/cde19f1751e0/images/5d7b1498978349629a265c817a6ee492.jpg,90,94.16
/home/jetson/jetsoncar_ws/recordings/cde19f1751e0/images/a3bc7788bd05434a94d4cf69b05d7bdb.jpg,90,94.16
/home/jetson/jetsoncar_ws/recordings/cde19f1751e0/images/e76a701c67684385974112f4083744e5.jpg,90,90.96
/home/jetson/jetsoncar_ws/recordings/cde19f1751e0/images/888a33a87d1c4d60be5ebd30d068a728.jpg,90,90.0
/home/jetson/jetsoncar_ws/recordings/cde19f1751e0/images/73e6eea93d544b36ad4961ae5da7decd.jpg,90,90.0
/home/jetson/jetsoncar_ws/recordings/cde19f1751e0/images/ee1363ad8487493ca34f24217a78ac66.jpg,90,90.48
/home/jetson/jetsoncar_ws/recordings/cde19f1751e0/images/455876526e1e499db3c2f11f210a52ff.jpg,90,93.04
/home/jetson/jetsoncar_ws/recordings/cde19f1751e0/images/92d51b7662614707937fcb9cb7d28a15.jpg,90,94.08
/home/jetson/jetsoncar_ws/recordings/cde19f1751e0/images/44dd35c487424a74a4722161123594b6.jpg,90,94.48
/home/jetson/jetsoncar_ws/recordings/cde19f1751e0/images/fea308d1045a4d3d8d3bf2cc3b15999b.jpg,90,94.24
/home/jetson/jetsoncar_ws/recordings/cde19f1751e0/images/67e5f10d8a4e4c3198b764239996332a.jpg,90,90.0
/home/jetson/jetsoncar_ws/recordings/cde19f1751e0/images/82be7940da6f4c97a0f6e0df14259171.jpg,90,90.0
/home/jetson/jetsoncar_ws/recordings/cde19f1751e0/images/5dddac6ad6f84c868c42b9c89d04525d.jpg,90,93.04
/home/jetson/jetsoncar_ws/recordings/cde19f1751e0/images/51550a9cb26e448a9dae03eba43b86b4.jpg,90,94.64
/home/jetson/jetsoncar_ws/recordings/cde19f1751e0/images/5dcf0764474d439da13d1a6749196615.jpg,90,93.76
/home/jetson/jetsoncar_ws/recordings/cde19f1751e0/images/40311f48a4264a4caeb4578a54678a15.jpg,90,90.0
/home/jetson/jetsoncar_ws/recordings/cde19f1751e0/images/36ddc082f5254426bc2cbb1ff18c75af.jpg,90,90.0
/home/jetson/jetsoncar_ws/recordings/cde19f1751e0/images/b93f56fe30c54cb6a9a6d5995fab4d94.jpg,90,94.16
/home/jetson/jetsoncar_ws/recordings/cde19f1751e0/images/667125dbff25498eac0d5d93e0a26642.jpg,100.8,94.24
/home/jetson/jetsoncar_ws/recordings/cde19f1751e0/images/dfe99d411b55479ebfaa43bcb1e03368.jpg,90,90.0
/home/jetson/jetsoncar_ws/recordings/cde19f1751e0/images/339fb7f2f5db46f6b65be393a75616c0.jpg,90,90.0
/home/jetson/jetsoncar_ws/recordings/cde19f1751e0/images/a20026ba1c8d43ce82295f7140680e91.jpg,114.75,90.0
/home/jetson/jetsoncar_ws/recordings/cde19f1751e0/images/4cb180362127481aacfab37fc669dc41.jpg,119.25,90.0
/home/jetson/jetsoncar_ws/recordings/cde19f1751e0/images/f2301636b3864ef7855920352ada704b.jpg,119.25,90.0
/home/jetson/jetsoncar_ws/recordings/cde19f1751e0/images/cbbc3e80250a4dd7be0e9bae135b486b.jpg,130.5,90.0
/home/jetson/jetsoncar_ws/recordings/cde19f1751e0/images/181a4cb2c9b14e25b2ef7335debac395.jpg,130.5,92.64
/home/jetson/jetsoncar_ws/recordings/cde19f1751e0/images/184f8240630d4e468356512b46e89d32.jpg,130.5,94.64
/home/jetson/jetsoncar_ws/recordings/cde19f1751e0/images/0d21419202b04ea1ae1ac32ea3f5a739.jpg,103.95,90.0
/home/jetson/jetsoncar_ws/recordings/cde19f1751e0/images/d6c0cef0033a426ab13358be96bad3d9.jpg,90,90.0
/home/jetson/jetsoncar_ws/recordings/cde19f1751e0/images/3a097cb20234419cba9414342957f32b.jpg,90,94.64
/home/jetson/jetsoncar_ws/recordings/cde19f1751e0/images/a982f1c52ffb4975904c38ad16ff46e8.jpg,120.14999999999999,92.8
/home/jetson/jetsoncar_ws/recordings/cde19f1751e0/images/256698e0c896476187b76b81c67a4e9e.jpg,90,90.0
/home/jetson/jetsoncar_ws/recordings/cde19f1751e0/images/090ccea44bf5451bb0b70ad763d546b1.jpg,90,91.04
/home/jetson/jetsoncar_ws/recordings/cde19f1751e0/images/64a0c2ec77524060b2c4a4bd0ac5a35c.jpg,100.35,95.2
/home/jetson/jetsoncar_ws/recordings/cde19f1751e0/images/d6ce710034ee4ac6b0fd917b1b757de0.jpg,90,90.0
/home/jetson/jetsoncar_ws/recordings/cde19f1751e0/images/b2e7ecc6541e4b58898544c11d8349a4.jpg,90,90.0
/home/jetson/jetsoncar_ws/recordings/cde19f1751e0/images/99e6356aefdc4f97b265d57943ee8c70.jpg,90,92.4
/home/jetson/jetsoncar_ws/recordings/cde19f1751e0/images/fb002bd5c16641c6ac0c879e3fd67a5d.jpg,104.85,95.12
/home/jetson/jetsoncar_ws/recordings/cde19f1751e0/images/a34bdeb3b3c146cfa1c0af3f1197fbac.jpg,90,90.0
/home/jetson/jetsoncar_ws/recordings/cde19f1751e0/images/719f2eaf17d64f58a07c9caa9517ddf2.jpg,90,90.0
/home/jetson/jetsoncar_ws/recordings/cde19f1751e0/images/0aebceb907b54bd58b6ff1902a6ce774.jpg,130.5,90.0
/home/jetson/jetsoncar_ws/recordings/cde19f1751e0/images/114db77b6eb5406a9fdf5f795c2044ac.jpg,130.5,94.24
/home/jetson/jetsoncar_ws/recordings/cde19f1751e0/images/d06e8e1dbc604438a66eeebb2ef697b1.jpg,105.75,90.0
/home/jetson/jetsoncar_ws/recordings/cde19f1751e0/images/353054a0979d476ab0ad3e9c4e9b1db5.jpg,90,90.0
/home/jetson/jetsoncar_ws/recordings/cde19f1751e0/images/8a9879a205ad46afb5c9bfdac40d7db5.jpg,121.05,91.76
/home/jetson/jetsoncar_ws/recordings/cde19f1751e0/images/e194351675a643f38181633fe9fe36e0.jpg,100.8,94.64
/home/jetson/jetsoncar_ws/recordings/cde19f1751e0/images/e9413d62697d404fb62c2ad350cea388.jpg,90,90.0
/home/jetson/jetsoncar_ws/recordings/cde19f1751e0/images/d94466e63671496195d23508a0ea7cb2.jpg,90,90.0
/home/jetson/jetsoncar_ws/recordings/cde19f1751e0/images/eb3ed4ec490a4398abab5b895edfe8ee.jpg,90,94.56
/home/jetson/jetsoncar_ws/recordings/cde19f1751e0/images/815564941a69442ca8dd3546c67e4502.jpg,90,94.88
/home/jetson/jetsoncar_ws/recordings/cde19f1751e0/images/05d0f166609c4c47a136b2641bbdc7be.jpg,101.7,90.0
/home/jetson/jetsoncar_ws/recordings/cde19f1751e0/images/346ea3694d714963a141a74dda41c4da.jpg,90,90.0
/home/jetson/jetsoncar_ws/recordings/cde19f1751e0/images/413d1f6c062e409d8779f972c56853d7.jpg,126.45,90.0
/home/jetson/jetsoncar_ws/recordings/cde19f1751e0/images/80560ba1b1a549d28b8cc244a024fde7.jpg,130.5,96.0
/home/jetson/jetsoncar_ws/recordings/cde19f1751e0/images/b40ca809b4de412eaf40f56db9d77851.jpg,90,90.0
/home/jetson/jetsoncar_ws/recordings/cde19f1751e0/images/40130d83c8f54138adf6b572881b0e70.jpg,90,90.0
/home/jetson/jetsoncar_ws/recordings/cde19f1751e0/images/07dff0a585364f91a72ecf3b96b07b72.jpg,90,95.68
/home/jetson/jetsoncar_ws/recordings/cde19f1751e0/images/9d624beaeace420c9aea6318491f87a7.jpg,90,90.0
/home/jetson/jetsoncar_ws/recordings/cde19f1751e0/images/3b9b771776354d2697cb4398ec89bab5.jpg,114.75,94.64
/home/jetson/jetsoncar_ws/recordings/cde19f1751e0/images/a7252a48adec4f019da1ddbf322d740d.jpg,90,90.0
/home/jetson/jetsoncar_ws/recordings/cde19f1751e0/images/05e39134c5444e7cad7e2843d721ebdd.jpg,90,90.0
/home/jetson/jetsoncar_ws/recordings/cde19f1751e0/images/18f653554ff641799d4ad23b5467a807.jpg,102.15,90.24
/home/jetson/jetsoncar_ws/recordings/cde19f1751e0/images/93985db3a3a54764902c01c5e6ec8172.jpg,119.7,94.88
/home/jetson/jetsoncar_ws/recordings/cde19f1751e0/images/840afee0120c46b188069cd1cc4e233b.jpg,90,90.24
/home/jetson/jetsoncar_ws/recordings/cde19f1751e0/images/840e3c9f23fa47a1a0c5e644a66dbe2c.jpg,90,90.0
/home/jetson/jetsoncar_ws/recordings/cde19f1751e0/images/434bb098781f47549d8d6dd2234aaec3.jpg,90,90.0
/home/jetson/jetsoncar_ws/recordings/cde19f1751e0/images/bb75035faf334500b3292b7cf628a9b2.jpg,90,95.12
/home/jetson/jetsoncar_ws/recordings/cde19f1751e0/images/5a72e386c5a94e04bc99e9016d665993.jpg,57.15,94.88
/home/jetson/jetsoncar_ws/recordings/cde19f1751e0/images/db2dd6c4daba4b438356885dcbddbd68.jpg,90,90.0
/home/jetson/jetsoncar_ws/recordings/cde19f1751e0/images/6577e6a777c143f8a536b3eba0a95a8c.jpg,90,90.0
/home/jetson/jetsoncar_ws/recordings/cde19f1751e0/images/13dfffa855964d8b83d129503958f693.jpg,90,95.04
/home/jetson/jetsoncar_ws/recordings/cde19f1751e0/images/10624f6dd41f4f6ab7399367e44e66c1.jpg,90,95.12
/home/jetson/jetsoncar_ws/recordings/cde19f1751e0/images/ad0cf547a82a4d068bc1ae1766a2c361.jpg,90,90.0
/home/jetson/jetsoncar_ws/recordings/cde19f1751e0/images/5ef2af999e394f7283d6887b51b33ee2.jpg,90,90.0
/home/jetson/jetsoncar_ws/recordings/cde19f1751e0/images/3f6d5ff6222b49f09afea2a377a630cf.jpg,90,94.8
/home/jetson/jetsoncar_ws/recordings/cde19f1751e0/images/a3e27ecdfb9940fe8c8eba5214dad133.jpg,90,94.72
/home/jetson/jetsoncar_ws/recordings/cde19f1751e0/images/c174b77476f845a2b425f23c441a53cb.jpg,90,90.0
/home/jetson/jetsoncar_ws/recordings/cde19f1751e0/images/1e897485cb9c4585806b2ca634bfc2d5.jpg,90,94.8
/home/jetson/jetsoncar_ws/recordings/cde19f1751e0/images/7b1b4b5f32ab42f1ab884ba7b253518f.jpg,90,95.04
/home/jetson/jetsoncar_ws/recordings/cde19f1751e0/images/b7a3a204ca5a422e99d42492feb1e7db.jpg,90,94.96
/home/jetson/jetsoncar_ws/recordings/cde19f1751e0/images/a050feed6c7f470f83f209385e53675a.jpg,90,90.0
/home/jetson/jetsoncar_ws/recordings/cde19f1751e0/images/116368de626a48c394ca033313f62bd3.jpg,90,91.44
/home/jetson/jetsoncar_ws/recordings/cde19f1751e0/images/11a1c2fbdd3945bf90ac47cf02db566c.jpg,90,94.64
/home/jetson/jetsoncar_ws/recordings/cde19f1751e0/images/20a3d14edae04b008a8212a744abe82a.jpg,103.5,94.64
/home/jetson/jetsoncar_ws/recordings/cde19f1751e0/images/f65c61ad4945449baa8290a3d6412dc2.jpg,90,90.4
/home/jetson/jetsoncar_ws/recordings/cde19f1751e0/images/cd185e85933141008fb2170421f6d510.jpg,90,90.0
/home/jetson/jetsoncar_ws/recordings/cde19f1751e0/images/dfe1278d59c140e9a77e3ee2576d9efd.jpg,90,90.0
/home/jetson/jetsoncar_ws/recordings/cde19f1751e0/images/c2485881042b464f922fc6d6f0a85f8d.jpg,90,93.52
/home/jetson/jetsoncar_ws/recordings/cde19f1751e0/images/a19eafc58bbb471fa794aa17fd6a809c.jpg,90,94.48
/home/jetson/jetsoncar_ws/recordings/cde19f1751e0/images/4afa9fb7e64e47219d3846349e343fe8.jpg,90,90.0
/home/jetson/jetsoncar_ws/recordings/cde19f1751e0/images/f94fcffba93f439abf78600ffaf2dfb0.jpg,90,90.0
/home/jetson/jetsoncar_ws/recordings/cde19f1751e0/images/eec7e3aa7da0401aa2d1b4ca0afee17b.jpg,90,90.0
/home/jetson/jetsoncar_ws/recordings/cde19f1751e0/images/cb644ed7309146e9b2d7cd985c6803ee.jpg,90,90.0
/home/jetson/jetsoncar_ws/recordings/cde19f1751e0/images/f169d2ac2f7a4cb2b65fcc251399c259.jpg,90,92.32
/home/jetson/jetsoncar_ws/recordings/cde19f1751e0/images/ac7647e2f2db41eb916ed7b58ee03b32.jpg,90,93.84
/home/jetson/jetsoncar_ws/recordings/cde19f1751e0/images/ebc30a71df8d415286eaeda3edea3c02.jpg,90,93.92
/home/jetson/jetsoncar_ws/recordings/cde19f1751e0/images/9781d3c9538446fe97b6aaaf9e32ce3e.jpg,90,95.12
/home/jetson/jetsoncar_ws/recordings/cde19f1751e0/images/a245d56c2695465eb21eb597b1315f8a.jpg,104.85,95.04
/home/jetson/jetsoncar_ws/recordings/cde19f1751e0/images/9d0992c27ed344f29b6b0f36227ff029.jpg,104.39999999999999,90.0
/home/jetson/jetsoncar_ws/recordings/cde19f1751e0/images/b21b298c9937460eab907a4aca834d24.jpg,104.39999999999999,90.0
/home/jetson/jetsoncar_ws/recordings/cde19f1751e0/images/c68c9a6f7c85458fb3efd6432363ba8c.jpg,104.85,94.4
/home/jetson/jetsoncar_ws/recordings/cde19f1751e0/images/d0cc939d55f64dc08e8fd8c1700b145b.jpg,106.65,94.4
/home/jetson/jetsoncar_ws/recordings/cde19f1751e0/images/9e73dc4d30cf42eba7ad2ce0c8f50448.jpg,103.5,90.0
/home/jetson/jetsoncar_ws/recordings/cde19f1751e0/images/b507ffc62e2a4f6d9fbeaa8aefb50d6b.jpg,103.5,90.0
/home/jetson/jetsoncar_ws/recordings/cde19f1751e0/images/f520ddae8c1740238c998040f73edeaa.jpg,103.95,93.2
/home/jetson/jetsoncar_ws/recordings/cde19f1751e0/images/0032d12f127747cda6b8fa5f73677e5e.jpg,104.39999999999999,94.64
/home/jetson/jetsoncar_ws/recordings/cde19f1751e0/images/a26a0f6f4e034f48a6d691cf9a81921a.jpg,103.95,90.0
/home/jetson/jetsoncar_ws/recordings/cde19f1751e0/images/9c04d9c2da9a471699e933c7924a2fff.jpg,103.95,90.0
/home/jetson/jetsoncar_ws/recordings/cde19f1751e0/images/7b57e6f6b8f74c3ab08851a9840991a5.jpg,104.39999999999999,92.96
/home/jetson/jetsoncar_ws/recordings/cde19f1751e0/images/312d328241784b76a4622103388b5f3b.jpg,104.39999999999999,93.92
/home/jetson/jetsoncar_ws/recordings/cde19f1751e0/images/9ae8a30c709f404aa576fbd6889b2a08.jpg,90,94.48
/home/jetson/jetsoncar_ws/recordings/cde19f1751e0/images/6d7ca4fc76c34282a7aba2ecde16b74e.jpg,108.0,90.08
/home/jetson/jetsoncar_ws/recordings/cde19f1751e0/images/f42a320dd7f042f0894f51c0f058fed5.jpg,100.35,90.0
/home/jetson/jetsoncar_ws/recordings/cde19f1751e0/images/82b2a1186e5a47469444dcb08782028f.jpg,90,90.0
/home/jetson/jetsoncar_ws/recordings/cde19f1751e0/images/65842c9a53194b998b0343915a279cd1.jpg,90,94.4
/home/jetson/jetsoncar_ws/recordings/cde19f1751e0/images/6eac8379ee7a40f6a18bc0386d696d41.jpg,90,94.32
/home/jetson/jetsoncar_ws/recordings/cde19f1751e0/images/62dd454f964243bdbdb019421938a7ab.jpg,90,90.0
/home/jetson/jetsoncar_ws/recordings/cde19f1751e0/images/7cd45ac3095648fdb9692fc1522d2592.jpg,90,90.0
/home/jetson/jetsoncar_ws/recordings/cde19f1751e0/images/45279de0a746484fbfb046dbccfd6b19.jpg,90,92.4
/home/jetson/jetsoncar_ws/recordings/cde19f1751e0/images/68f95b5e7a7646f490a868bbe21f7324.jpg,90,93.6
/home/jetson/jetsoncar_ws/recordings/cde19f1751e0/images/933c1f085af94df6a7d1b3855fb07e0b.jpg,90,93.76
/home/jetson/jetsoncar_ws/recordings/cde19f1751e0/images/e835b2464f314bd1b357497be49ec96a.jpg,90,94.72
/home/jetson/jetsoncar_ws/recordings/cde19f1751e0/images/6ce5f37150214642b83579ef29881e81.jpg,65.25,94.8
/home/jetson/jetsoncar_ws/recordings/cde19f1751e0/images/454dd4cfbd504d62b7af842c021a1c99.jpg,90,90.0
/home/jetson/jetsoncar_ws/recordings/cde19f1751e0/images/a6816a16531642339bcaa9f66a7d6f29.jpg,90,90.0
/home/jetson/jetsoncar_ws/recordings/cde19f1751e0/images/3eb68a0cf41049e7a2ba44cc05c22029.jpg,90,90.0
/home/jetson/jetsoncar_ws/recordings/cde19f1751e0/images/4f0aac41c99845c1bf174b4a318b5974.jpg,90,90.0
/home/jetson/jetsoncar_ws/recordings/cde19f1751e0/images/1398e1ebdbaa4f159a6be2c8070a7808.jpg,90,93.36
/home/jetson/jetsoncar_ws/recordings/cde19f1751e0/images/77c2890d40604921a80f6f1c54aa6372.jpg,79.2,94.8
/home/jetson/jetsoncar_ws/recordings/cde19f1751e0/images/8dbad11ad0b143818a0fb45049f059e7.jpg,90,90.0
/home/jetson/jetsoncar_ws/recordings/cde19f1751e0/images/c91c96b6a35f4f799a355e9df3f711db.jpg,90,90.0
/home/jetson/jetsoncar_ws/recordings/cde19f1751e0/images/e116beda29fa42189a845fc0d56f5431.jpg,90,90.0
