/home/jetson/jetsoncar_ws/recordings/3052e53c98a8/images/179337c91608414a9042fb55fd26acd8.jpg,90,90.0
/home/jetson/jetsoncar_ws/recordings/3052e53c98a8/images/5957150ca215486aad8f3f10fc449603.jpg,90,90.0
/home/jetson/jetsoncar_ws/recordings/3052e53c98a8/images/ccb1acdbbf424f509b2e01e90f987401.jpg,90,90.0
/home/jetson/jetsoncar_ws/recordings/3052e53c98a8/images/8cde7ef8e27a495da9548d6c7d0be340.jpg,90,90.0
/home/jetson/jetsoncar_ws/recordings/3052e53c98a8/images/b447635ea28244bab654250a399d7a3f.jpg,90,90.0
/home/jetson/jetsoncar_ws/recordings/3052e53c98a8/images/71ac349a5de647ebb83a51d9cfaf4253.jpg,90,92.32
/home/jetson/jetsoncar_ws/recordings/3052e53c98a8/images/c72d91ebdb404660b2971027d334f9cb.jpg,90,95.12
/home/jetson/jetsoncar_ws/recordings/3052e53c98a8/images/ad8a72cb179341308e8546c2828a2f58.jpg,90,95.2
/home/jetson/jetsoncar_ws/recordings/3052e53c98a8/images/7d1883738d9548f8b1c1e26f96b7ec2b.jpg,90,93.6
/home/jetson/jetsoncar_ws/recordings/3052e53c98a8/images/8b29602f1e024e8b9bd23f039fddc759.jpg,90,94.96
/home/jetson/jetsoncar_ws/recordings/3052e53c98a8/images/1ac05d78663542c8b2bb034bae676ba3.jpg,90,94.8
/home/jetson/jetsoncar_ws/recordings/3052e53c98a8/images/757353996e774c03928954a5a699638e.jpg,90,90.8
/home/jetson/jetsoncar_ws/recordings/3052e53c98a8/images/e1ba532feaf947a18fd6aa3f47a069f0.jpg,90,94.56
/home/jetson/jetsoncar_ws/recordings/3052e53c98a8/images/63d75b52f4854fb49e352218b1e60277.jpg,90,93.92
/home/jetson/jetsoncar_ws/recordings/3052e53c98a8/images/bb52d93c87714e50ae65eb28dd4b8908.jpg,99.44999999999999,92.56
/home/jetson/jetsoncar_ws/recordings/3052e53c98a8/images/293069b2d83a47f8a7e87fc900c766fb.jpg,99.9,94.4
/home/jetson/jetsoncar_ws/recordings/3052e53c98a8/images/c089610b6ce94012adce5c1bf4fe2849.jpg,103.5,94.4
/home/jetson/jetsoncar_ws/recordings/3052e53c98a8/images/5e87735660c54547822551dc44a36e8d.jpg,90,90.0
/home/jetson/jetsoncar_ws/recordings/3052e53c98a8/images/655b4dd5f3a84b57917ed6b05f823625.jpg,90,90.0
/home/jetson/jetsoncar_ws/recordings/3052e53c98a8/images/06b213cb014141ec8b597a49b9ea3ca5.jpg,90,90.0
/home/jetson/jetsoncar_ws/recordings/3052e53c98a8/images/5352789f9e774df3a263842b3244f41f.jpg,90,90.0
/home/jetson/jetsoncar_ws/recordings/3052e53c98a8/images/a208983ef3184fe981176bcfa5edf509.jpg,90,90.0
/home/jetson/jetsoncar_ws/recordings/3052e53c98a8/images/452ca8967fab4763ab68aea72f9c50dc.jpg,90,94.48
/home/jetson/jetsoncar_ws/recordings/3052e53c98a8/images/8183af9573fd43dea3d9ca2443c8e2cd.jpg,109.35000000000001,94.08
/home/jetson/jetsoncar_ws/recordings/3052e53c98a8/images/cb3b4d3676f64023875d1aeb5d57cdbe.jpg,108.0,94.08
/home/jetson/jetsoncar_ws/recordings/3052e53c98a8/images/75567d5c82974a9c83a7de2b35ee9b4f.jpg,106.65,93.84
/home/jetson/jetsoncar_ws/recordings/3052e53c98a8/images/9d1d4ab4eedc471eabaf40779b80297e.jpg,103.95,95.04
/home/jetson/jetsoncar_ws/recordings/3052e53c98a8/images/a67443e870924ac7b070080037bebf72.jpg,99.44999999999999,94.96
/home/jetson/jetsoncar_ws/recordings/3052e53c98a8/images/b556768412014ef794b39d20ecbb2092.jpg,90,93.28
/home/jetson/jetsoncar_ws/recordings/3052e53c98a8/images/806501c5e32b49f38d0f81046b3221ff.jpg,90,95.2
/home/jetson/jetsoncar_ws/recordings/3052e53c98a8/images/11b72283bf6b4d07a33e4e0a78104b52.jpg,102.6,91.04
/home/jetson/jetsoncar_ws/recordings/3052e53c98a8/images/60460042fa6447c0aab35952f7a384c7.jpg,106.65,91.92
/home/jetson/jetsoncar_ws/recordings/3052e53c98a8/images/e6bd5ec8188647b6af14ff969ea9151d.jpg,90,91.92
/home/jetson/jetsoncar_ws/recordings/3052e53c98a8/images/5c86d3aabdb14f21905a332c2e1df073.jpg,101.7,94.64
/home/jetson/jetsoncar_ws/recordings/3052e53c98a8/images/903f75b96a3145eb96ae6141f2ef33d7.jpg,90,95.2
/home/jetson/jetsoncar_ws/recordings/3052e53c98a8/images/d7b3e1e24ab548dbb7bc16e8862d3145.jpg,108.45,95.36
/home/jetson/jetsoncar_ws/recordings/3052e53c98a8/images/5b8f787b07fb4056a7ba8dd680c6c192.jpg,90,92.96
/home/jetson/jetsoncar_ws/recordings/3052e53c98a8/images/5a33aeb5fc574d6e89007caca44ccc88.jpg,106.19999999999999,94.88
/home/jetson/jetsoncar_ws/recordings/3052e53c98a8/images/1df3f1f972134340a3e2d4cafb9a063c.jpg,109.35000000000001,91.12
/home/jetson/jetsoncar_ws/recordings/3052e53c98a8/images/8fa50e08839d4af7a6f8f4bf062aa3a8.jpg,99.44999999999999,94.64
/home/jetson/jetsoncar_ws/recordings/3052e53c98a8/images/2fe9c2a8014f4cee8aed279212c4f743.jpg,103.05000000000001,94.96
/home/jetson/jetsoncar_ws/recordings/3052e53c98a8/images/d82831bccd8a461a98e6bcdba0b6d439.jpg,90,90.0
/home/jetson/jetsoncar_ws/recordings/3052e53c98a8/images/b58c8cfd409046d5adb556437c81c746.jpg,90,94.0
/home/jetson/jetsoncar_ws/recordings/3052e53c98a8/images/2c5946c5908645eab2a8dc94a0c609c1.jpg,90,94.8
/home/jetson/jetsoncar_ws/recordings/3052e53c98a8/images/88757551e1cd455c92eba701f2b37568.jpg,90,94.88
/home/jetson/jetsoncar_ws/recordings/3052e53c98a8/images/c18f2fdf286145f49b83816db8289829.jpg,90,94.88
/home/jetson/jetsoncar_ws/recordings/3052e53c98a8/images/69f8ecf1df5d4bca87e7245c1e5bd0a0.jpg,90,90.0
/home/jetson/jetsoncar_ws/recordings/3052e53c98a8/images/60c5188f523147018928f251d537d3b8.jpg,90,90.0
/home/jetson/jetsoncar_ws/recordings/3052e53c98a8/images/039a74d84b88456dbfa76e9b4d977f0c.jpg,90,90.56
/home/jetson/jetsoncar_ws/recordings/3052e53c98a8/images/1cc5d97596184901b588b90ade5d255f.jpg,90,95.2
/home/jetson/jetsoncar_ws/recordings/3052e53c98a8/images/b9e1bfb69e954d9b9312b2f0d525fad7.jpg,90,90.16
/home/jetson/jetsoncar_ws/recordings/3052e53c98a8/images/48db70348a104aa68a0585b53f7ce2c1.jpg,65.25,90.32
/home/jetson/jetsoncar_ws/recordings/3052e53c98a8/images/7fe9c9569cdd4347880338644b325452.jpg,66.6,93.52
/home/jetson/jetsoncar_ws/recordings/3052e53c98a8/images/d4a65ca8e2694c49acaebf7c4c4fea01.jpg,66.6,95.12
/home/jetson/jetsoncar_ws/recordings/3052e53c98a8/images/a7dde6973ab248e7a586aeb0117d02c0.jpg,66.6,95.04
/home/jetson/jetsoncar_ws/recordings/3052e53c98a8/images/e54424240c8742bd8741c13a7fa19876.jpg,66.6,90.0
/home/jetson/jetsoncar_ws/recordings/3052e53c98a8/images/ffca934903224f248ab45afc43feb54d.jpg,66.6,90.0
/home/jetson/jetsoncar_ws/recordings/3052e53c98a8/images/9fe0423d160e4c6fbf8bdcc63809d4b4.jpg,66.6,94.88
/home/jetson/jetsoncar_ws/recordings/3052e53c98a8/images/abeaa9e4b94c44b084d44a3b7cb1e351.jpg,90,92.64
/home/jetson/jetsoncar_ws/recordings/3052e53c98a8/images/22fe9bd7aa954c5a96d6bb04dc964732.jpg,76.5,95.12
/home/jetson/jetsoncar_ws/recordings/3052e53c98a8/images/30e7e79fd52a44a683bcb2e0240f8af7.jpg,80.55000000000001,95.52
/home/jetson/jetsoncar_ws/recordings/3052e53c98a8/images/c91ace683b8e4c5c9e767c3bf92bd955.jpg,78.3,95.2
/home/jetson/jetsoncar_ws/recordings/3052e53c98a8/images/019c38e4002844578795562d07412c91.jpg,71.1,95.52
/home/jetson/jetsoncar_ws/recordings/3052e53c98a8/images/002fc6a1a2f947e5bf199b1d2c27d767.jpg,70.19999999999999,92.4
/home/jetson/jetsoncar_ws/recordings/3052e53c98a8/images/e7cd2b9b359f46809000db23b40f172e.jpg,90,90.0
/home/jetson/jetsoncar_ws/recordings/3052e53c98a8/images/ac06cff500824f8f9a3b4af3705ffc1b.jpg,77.4,95.12
/home/jetson/jetsoncar_ws/recordings/3052e53c98a8/images/e842c4b34db54f7e88b0bdd2fbc905f5.jpg,90,90.0
/home/jetson/jetsoncar_ws/recordings/3052e53c98a8/images/bb24f0b0b864484594ca54f40ded2e37.jpg,90,94.48
/home/jetson/jetsoncar_ws/recordings/3052e53c98a8/images/91cd29156c9c40e9833281661b603999.jpg,90,90.0
/home/jetson/jetsoncar_ws/recordings/3052e53c98a8/images/b7ad458e6b81415885438c8bc6ee7368.jpg,90,90.0
/home/jetson/jetsoncar_ws/recordings/3052e53c98a8/images/cd265d1f9d45452ca7aa1ec320be5c63.jpg,49.5,90.0
/home/jetson/jetsoncar_ws/recordings/3052e53c98a8/images/f0c15da1b7e5438baee0b79e67f8d818.jpg,49.5,93.2
/home/jetson/jetsoncar_ws/recordings/3052e53c98a8/images/fb268b9d3528451492d4792cfde609fa.jpg,49.5,90.0
/home/jetson/jetsoncar_ws/recordings/3052e53c98a8/images/5d7e02c1b14d407ba8cffd1c00136a76.jpg,49.5,90.0
/home/jetson/jetsoncar_ws/recordings/3052e53c98a8/images/e04552abbfcd450db36d6aec8f2ef9dd.jpg,49.5,90.0
/home/jetson/jetsoncar_ws/recordings/3052e53c98a8/images/8123281d65c14c8ebfc9d6154ea9d752.jpg,49.5,90.0
/home/jetson/jetsoncar_ws/recordings/3052e53c98a8/images/9f3598c039984d7d982a4ee85293dc81.jpg,49.5,90.0
/home/jetson/jetsoncar_ws/recordings/3052e53c98a8/images/24b48e8b90df4d39be6f0d8dd73afac7.jpg,49.5,90.0
/home/jetson/jetsoncar_ws/recordings/3052e53c98a8/images/991230337c654efb9350cc427a8364a4.jpg,49.5,90.0
/home/jetson/jetsoncar_ws/recordings/3052e53c98a8/images/b4669d81cb614e4791e467f8b6c46ffe.jpg,49.5,90.0
/home/jetson/jetsoncar_ws/recordings/3052e53c98a8/images/a2abdd8e8c78421da1a75e8bf322b2a0.jpg,49.5,90.0
/home/jetson/jetsoncar_ws/recordings/3052e53c98a8/images/2653948d4e4941dca9e4741023630f74.jpg,49.5,90.0
/home/jetson/jetsoncar_ws/recordings/3052e53c98a8/images/63190037bc6b43e7b1163eced1d76244.jpg,49.5,90.0
/home/jetson/jetsoncar_ws/recordings/3052e53c98a8/images/f32d367b777b4e8e8228c1fbc10b868c.jpg,49.5,90.0
/home/jetson/jetsoncar_ws/recordings/3052e53c98a8/images/ec6d10c05a234cbab4e3f70f1301c047.jpg,49.5,90.0
/home/jetson/jetsoncar_ws/recordings/3052e53c98a8/images/1f288163854948369e54dfb545c44760.jpg,49.5,90.0
/home/jetson/jetsoncar_ws/recordings/3052e53c98a8/images/d10a1af9f2a74437aa0a354602cd3898.jpg,49.5,90.0
/home/jetson/jetsoncar_ws/recordings/3052e53c98a8/images/9c4f1306a8a5485b8a0621f931d4059a.jpg,49.5,90.0
/home/jetson/jetsoncar_ws/recordings/3052e53c98a8/images/ef3ba61fdb5c4dc1a6eebba4440ae273.jpg,49.5,90.0
/home/jetson/jetsoncar_ws/recordings/3052e53c98a8/images/693db15d1c7a4d86a7aef5011423f4c9.jpg,49.5,90.0
/home/jetson/jetsoncar_ws/recordings/3052e53c98a8/images/d4eb8989f93c4cfe88e9fce682c23eb4.jpg,49.5,90.0
/home/jetson/jetsoncar_ws/recordings/3052e53c98a8/images/046be5e3c57745f1b4c5a7233adb1f2b.jpg,49.5,90.0
/home/jetson/jetsoncar_ws/recordings/3052e53c98a8/images/30858de03f2a40e1b39c42293ffb2c56.jpg,49.5,90.0
/home/jetson/jetsoncar_ws/recordings/3052e53c98a8/images/0e82bdcdf02c44c6a8d774adca35377e.jpg,49.5,90.0
/home/jetson/jetsoncar_ws/recordings/3052e53c98a8/images/4b99cb4c5f2f481a851a185911c2d99d.jpg,49.5,90.0
/home/jetson/jetsoncar_ws/recordings/3052e53c98a8/images/6315a836a0f34c0787a20131b9d03be0.jpg,49.5,90.0
/home/jetson/jetsoncar_ws/recordings/3052e53c98a8/images/af164cd1c7a3401db57d0a98f3dbe9eb.jpg,49.5,90.0
/home/jetson/jetsoncar_ws/recordings/3052e53c98a8/images/0918dc7395f340638d3a92d686babb2e.jpg,49.5,90.0
/home/jetson/jetsoncar_ws/recordings/3052e53c98a8/images/44c96b8196d04bc781462b29902f6092.jpg,49.5,90.0
/home/jetson/jetsoncar_ws/recordings/3052e53c98a8/images/38a3b71f6c744cadb7dfa5c91ae5af04.jpg,49.5,90.0
/home/jetson/jetsoncar_ws/recordings/3052e53c98a8/images/7841c0e32c0040ba8dada9239460516c.jpg,49.5,90.0
/home/jetson/jetsoncar_ws/recordings/3052e53c98a8/images/88e940be0d654fa3a38196691a04f101.jpg,49.5,92.56
/home/jetson/jetsoncar_ws/recordings/3052e53c98a8/images/9d56bef326524207ba63b81246608e2d.jpg,49.5,94.4
/home/jetson/jetsoncar_ws/recordings/3052e53c98a8/images/e471f91d67234601972fe74163006958.jpg,49.5,93.52
/home/jetson/jetsoncar_ws/recordings/3052e53c98a8/images/6afa3592ac1f49008454da13bcde2a48.jpg,49.5,94.4
/home/jetson/jetsoncar_ws/recordings/3052e53c98a8/images/1db50641753b4ef2ac4858cd80f36ef2.jpg,73.8,93.6
/home/jetson/jetsoncar_ws/recordings/3052e53c98a8/images/ac459db77bf44e8fb501b9970cab7eb1.jpg,66.6,94.88
/home/jetson/jetsoncar_ws/recordings/3052e53c98a8/images/0f0e5814765c4f5680a9032843e2a1ce.jpg,90,94.56
/home/jetson/jetsoncar_ws/recordings/3052e53c98a8/images/bfce5db441354933b252ad3534c59856.jpg,90,94.56
/home/jetson/jetsoncar_ws/recordings/3052e53c98a8/images/9b821d0512ff44ba82c86df4c6c7792a.jpg,90,94.8
/home/jetson/jetsoncar_ws/recordings/3052e53c98a8/images/001ad6da03b14e9ebf7b554089d75ee9.jpg,90,91.44
/home/jetson/jetsoncar_ws/recordings/3052e53c98a8/images/bacba33927044c33877e9827162013f1.jpg,106.65,93.76
/home/jetson/jetsoncar_ws/recordings/3052e53c98a8/images/222b43ce3c5f4a409813c45009d1a52a.jpg,90,94.8
/home/jetson/jetsoncar_ws/recordings/3052e53c98a8/images/32031f306d3b49ffb92cd93e08ad1160.jpg,90,94.32
/home/jetson/jetsoncar_ws/recordings/3052e53c98a8/images/db54ff35eaa74bfcabb52460960d433d.jpg,111.15,92.8
/home/jetson/jetsoncar_ws/recordings/3052e53c98a8/images/8853b15a4997493d90f2cc14e697ca0c.jpg,110.7,94.8
/home/jetson/jetsoncar_ws/recordings/3052e53c98a8/images/d13fcba5b264471ba0aa1ff7e824dd8a.jpg,90,92.64
/home/jetson/jetsoncar_ws/recordings/3052e53c98a8/images/f21ded7fc638441f8fcefe19efadcac1.jpg,90,94.64
/home/jetson/jetsoncar_ws/recordings/3052e53c98a8/images/0fbbe7b754734ee48063ffd95f15742d.jpg,90,95.12
/home/jetson/jetsoncar_ws/recordings/3052e53c98a8/images/fe48e5901f674268bfaa6ed6d04d35f5.jpg,90,95.04
/home/jetson/jetsoncar_ws/recordings/3052e53c98a8/images/16008f717cef4f46821f6b7eda2ebc54.jpg,90,94.56
/home/jetson/jetsoncar_ws/recordings/3052e53c98a8/images/73c8039115ec4688ad2fcc5be0c04df7.jpg,90,93.92
/home/jetson/jetsoncar_ws/recordings/3052e53c98a8/images/d7e79697501f445eb48fed14674ff983.jpg,90,94.4
/home/jetson/jetsoncar_ws/recordings/3052e53c98a8/images/0d1ed2c3413d44558331d2ab75294649.jpg,90,94.0
/home/jetson/jetsoncar_ws/recordings/3052e53c98a8/images/770670bb29d841a5be9d3975cfdd5369.jpg,90,94.48
/home/jetson/jetsoncar_ws/recordings/3052e53c98a8/images/9f06b76f11634418aa373edb532846a4.jpg,72.45,94.64
/home/jetson/jetsoncar_ws/recordings/3052e53c98a8/images/cc12f6f07cb0499483371fc94f42740c.jpg,90,94.56
/home/jetson/jetsoncar_ws/recordings/3052e53c98a8/images/ec5db72a94794309a89263b62e6590bb.jpg,90,90.56
/home/jetson/jetsoncar_ws/recordings/3052e53c98a8/images/e66b7b4e1ea0489ab98e567c564db95d.jpg,67.5,91.92
/home/jetson/jetsoncar_ws/recordings/3052e53c98a8/images/f662f2b514c8421eb2c74a7a6bee0ecb.jpg,67.95,94.4
/home/jetson/jetsoncar_ws/recordings/3052e53c98a8/images/85db185782524b8e9af967d3b29e617a.jpg,90,94.64
/home/jetson/jetsoncar_ws/recordings/3052e53c98a8/images/7bd184d7a5d142ee899d640d759b3a75.jpg,90,94.4
/home/jetson/jetsoncar_ws/recordings/3052e53c98a8/images/9f1988628e2e4c75b3cae2008ce72221.jpg,63.45,92.8
/home/jetson/jetsoncar_ws/recordings/3052e53c98a8/images/c546136a86554eb7ad2217f0b8e870de.jpg,90,94.64
/home/jetson/jetsoncar_ws/recordings/3052e53c98a8/images/7a0c962ad3634ff8a9d4428bc3150a25.jpg,90,94.08
/home/jetson/jetsoncar_ws/recordings/3052e53c98a8/images/d83d5fda5db34441ad972a5898fe6f55.jpg,90,94.24
/home/jetson/jetsoncar_ws/recordings/3052e53c98a8/images/b6dbbbedc7794560838b16e88c7456d7.jpg,70.19999999999999,92.4
/home/jetson/jetsoncar_ws/recordings/3052e53c98a8/images/6b4232391497403088477e7d3940835b.jpg,73.8,94.4
/home/jetson/jetsoncar_ws/recordings/3052e53c98a8/images/b34cb542708f430eb9c2d768e2c6ae97.jpg,65.7,94.24
/home/jetson/jetsoncar_ws/recordings/3052e53c98a8/images/d7a99774caf04621b401e9d39758a7b1.jpg,68.85,93.68
/home/jetson/jetsoncar_ws/recordings/3052e53c98a8/images/623bbf7301dd4de58f77845a8f0c46b3.jpg,90,90.0
/home/jetson/jetsoncar_ws/recordings/3052e53c98a8/images/f72676c78d924e51b541e65a0d4c61cc.jpg,109.35000000000001,90.0
/home/jetson/jetsoncar_ws/recordings/3052e53c98a8/images/60e7ba32f9644f369bf103219a182dea.jpg,90,90.0
/home/jetson/jetsoncar_ws/recordings/3052e53c98a8/images/c1623f4c66794b86a79bf0b2edda3a0c.jpg,90,90.0
/home/jetson/jetsoncar_ws/recordings/3052e53c98a8/images/d33e9ae9135d416f9a178844ced5afdb.jpg,90,90.0
/home/jetson/jetsoncar_ws/recordings/3052e53c98a8/images/95040a29bf964f80825e7f579855e8d4.jpg,90,93.92
/home/jetson/jetsoncar_ws/recordings/3052e53c98a8/images/cc8e4b7f20f342cf9a827cab5fcebddb.jpg,90,94.64
/home/jetson/jetsoncar_ws/recordings/3052e53c98a8/images/0f65b91bd0934bd9bfba53c070b814bb.jpg,90,94.72
/home/jetson/jetsoncar_ws/recordings/3052e53c98a8/images/873b087992bd49b0a83316e279c08d02.jpg,105.3,94.72
/home/jetson/jetsoncar_ws/recordings/3052e53c98a8/images/18e9bf28d6b54b408d93ec68c1e2853a.jpg,117.0,90.0
/home/jetson/jetsoncar_ws/recordings/3052e53c98a8/images/45abb37c50c5462898a0649d51815956.jpg,124.2,93.6
/home/jetson/jetsoncar_ws/recordings/3052e53c98a8/images/e6354ea867cb4a159974650583114c94.jpg,90,90.0
/home/jetson/jetsoncar_ws/recordings/3052e53c98a8/images/3a246e66bae64dd78556f3c714921ed7.jpg,90,90.0
/home/jetson/jetsoncar_ws/recordings/3052e53c98a8/images/d23c09326ae94673b2dc027dcb8fc65b.jpg,90,90.0
/home/jetson/jetsoncar_ws/recordings/3052e53c98a8/images/0c6472522ddb44e9b9131119d9e9859f.jpg,90,90.0
/home/jetson/jetsoncar_ws/recordings/3052e53c98a8/images/e6b081e385f94f9795afa15517009241.jpg,90,90.0
/home/jetson/jetsoncar_ws/recordings/3052e53c98a8/images/be8cdc8ee99a4d60baacc8cebba83cea.jpg,90,90.0
/home/jetson/jetsoncar_ws/recordings/3052e53c98a8/images/b375820daa764a45b7c99257d42f7129.jpg,90,90.0
/home/jetson/jetsoncar_ws/recordings/3052e53c98a8/images/0751bcf1b82744f7a0dcf7c7ed949d54.jpg,90,90.0
/home/jetson/jetsoncar_ws/recordings/3052e53c98a8/images/00058fd8de8e4da59160d862d33017ed.jpg,90,90.0
/home/jetson/jetsoncar_ws/recordings/3052e53c98a8/images/237538e4808c4416bf4fbc85613f3eb6.jpg,118.35,94.96
/home/jetson/jetsoncar_ws/recordings/3052e53c98a8/images/c0991261251f416d9c3313cb02801906.jpg,118.35,93.76
/home/jetson/jetsoncar_ws/recordings/3052e53c98a8/images/1b5caa30e7f5439e9ebca6ed1809cf06.jpg,119.25,92.32
/home/jetson/jetsoncar_ws/recordings/3052e53c98a8/images/e8b1f0decee14c6295270b3bad978db7.jpg,110.7,93.76
/home/jetson/jetsoncar_ws/recordings/3052e53c98a8/images/30d644b3a7664da485a2216602e13d20.jpg,113.4,93.92
/home/jetson/jetsoncar_ws/recordings/3052e53c98a8/images/33f0edcc5127476cb83123b4637a71e8.jpg,100.35,94.56
/home/jetson/jetsoncar_ws/recordings/3052e53c98a8/images/d1ad0e0b37454a20a65fde0fa270818a.jpg,107.55000000000001,94.48
/home/jetson/jetsoncar_ws/recordings/3052e53c98a8/images/fdc4a5a7d05f4198b8a20c48d0e3328a.jpg,119.7,90.0
/home/jetson/jetsoncar_ws/recordings/3052e53c98a8/images/561fc9d4041d4194b5af80af149985fd.jpg,130.5,94.24
/home/jetson/jetsoncar_ws/recordings/3052e53c98a8/images/0df689cae0bf46ba8fed28352b7f850f.jpg,109.35000000000001,92.16
/home/jetson/jetsoncar_ws/recordings/3052e53c98a8/images/1ec77f14075c477abf4950e0f90e1cb3.jpg,113.4,94.88
/home/jetson/jetsoncar_ws/recordings/3052e53c98a8/images/b1660429054d47c9a082763f655b6d93.jpg,109.8,94.8
/home/jetson/jetsoncar_ws/recordings/3052e53c98a8/images/dcdc7fbd636c450388158b7382dbe78c.jpg,90,94.8
/home/jetson/jetsoncar_ws/recordings/3052e53c98a8/images/36818e1e2a874d06a89a43c182d20582.jpg,90,94.8
/home/jetson/jetsoncar_ws/recordings/3052e53c98a8/images/0a10b5681a52467eb79e529d8d2ff281.jpg,90,94.88
/home/jetson/jetsoncar_ws/recordings/3052e53c98a8/images/50fb143914e84c2f84f6b4de40a7b0c1.jpg,90,94.8
/home/jetson/jetsoncar_ws/recordings/3052e53c98a8/images/069f65774e3e476b80270b7cf35f5379.jpg,90,94.56
/home/jetson/jetsoncar_ws/recordings/3052e53c98a8/images/db87186f9a5e47f7bfd79cd984d82119.jpg,90,90.0
/home/jetson/jetsoncar_ws/recordings/3052e53c98a8/images/c23131c923cf4ce692aa4ea4bef8825e.jpg,90,90.0
/home/jetson/jetsoncar_ws/recordings/3052e53c98a8/images/7facf374f13d4515a4ed6d476b1685f2.jpg,75.15,94.64
/home/jetson/jetsoncar_ws/recordings/3052e53c98a8/images/7582057cdc104c1eadbe68e17900e697.jpg,76.5,94.88
/home/jetson/jetsoncar_ws/recordings/3052e53c98a8/images/651a2ded8ae24f15a32b8c41fceeef1d.jpg,49.5,95.12
/home/jetson/jetsoncar_ws/recordings/3052e53c98a8/images/9c5660be693b468db103ce99d4a2254b.jpg,49.5,95.12
/home/jetson/jetsoncar_ws/recordings/3052e53c98a8/images/7f9659ad40544da2a2d4c2edf6f9aee8.jpg,49.5,95.6
/home/jetson/jetsoncar_ws/recordings/3052e53c98a8/images/c5f70e1c526b44dda236248c398118fd.jpg,49.5,96.64
/home/jetson/jetsoncar_ws/recordings/3052e53c98a8/images/5e125521ff3d471e99deb1fb1a4c7f0b.jpg,49.5,98.0
/home/jetson/jetsoncar_ws/recordings/3052e53c98a8/images/f04a0642f5e1451fb32f8bb9e79edc99.jpg,49.5,98.0
/home/jetson/jetsoncar_ws/recordings/3052e53c98a8/images/91d9d4fdd84e438f954d08bc144fbbbe.jpg,90,90.0
/home/jetson/jetsoncar_ws/recordings/3052e53c98a8/images/5710e77e9075400788afac2c14d76283.jpg,90,90.0
/home/jetson/jetsoncar_ws/recordings/3052e53c98a8/images/aa93d4c84aa44004ab965fe029c9ce9f.jpg,90,90.0
/home/jetson/jetsoncar_ws/recordings/3052e53c98a8/images/f27f58bff749449db074f13bc8930879.jpg,90,90.0
/home/jetson/jetsoncar_ws/recordings/3052e53c98a8/images/461eecf0a57b46ad9400350b17f6ab0c.jpg,90,95.92
/home/jetson/jetsoncar_ws/recordings/3052e53c98a8/images/1ac41debd46a41068cd8c34687a2506c.jpg,76.5,95.92
/home/jetson/jetsoncar_ws/recordings/3052e53c98a8/images/a2e4ab1ee3ed4705ae7eb29df7f455ae.jpg,90,96.0
/home/jetson/jetsoncar_ws/recordings/3052e53c98a8/images/4cb7b96668a34ccfaf09eb5afc232bc2.jpg,80.1,96.08
/home/jetson/jetsoncar_ws/recordings/3052e53c98a8/images/1a0e49a7c3a14350959b6e543ed501fb.jpg,73.35,96.08
/home/jetson/jetsoncar_ws/recordings/3052e53c98a8/images/27391bf4a3384e5386e74a8050ca75ab.jpg,90,95.68
/home/jetson/jetsoncar_ws/recordings/3052e53c98a8/images/61483c971366458f8a4322f896f1311c.jpg,90,94.72
/home/jetson/jetsoncar_ws/recordings/3052e53c98a8/images/83c3f0dc29a34e5f9ede1c957e5c7f7e.jpg,107.1,94.8
/home/jetson/jetsoncar_ws/recordings/3052e53c98a8/images/46e7d40a40ff473a8c28020d170277a0.jpg,90,92.32
/home/jetson/jetsoncar_ws/recordings/3052e53c98a8/images/eb36501959d94ecea1d168b9b52af117.jpg,90,94.64
/home/jetson/jetsoncar_ws/recordings/3052e53c98a8/images/3c766566f6714b0d928e3bb53ae0c68b.jpg,108.9,94.64
/home/jetson/jetsoncar_ws/recordings/3052e53c98a8/images/423849b3116b4122a13429a983c62466.jpg,90,94.16
/home/jetson/jetsoncar_ws/recordings/3052e53c98a8/images/6dd60c9d476f4d8ca45a551fe7a50b4f.jpg,90,94.56
/home/jetson/jetsoncar_ws/recordings/3052e53c98a8/images/330f485a44f440968a0ef320b860c576.jpg,90,94.0
/home/jetson/jetsoncar_ws/recordings/3052e53c98a8/images/05403e2eb7c6404699061760016b6034.jpg,90,94.32
/home/jetson/jetsoncar_ws/recordings/3052e53c98a8/images/c61638b683b1447681c221cb4a5fb2b2.jpg,90,90.24
/home/jetson/jetsoncar_ws/recordings/3052e53c98a8/images/c20946d98e94419aa503f8d062d1c011.jpg,76.5,95.2
/home/jetson/jetsoncar_ws/recordings/3052e53c98a8/images/e44374585fa646859b0df8c6fdf4f0aa.jpg,72.0,95.2
/home/jetson/jetsoncar_ws/recordings/3052e53c98a8/images/4ab44559bdd04fb6bdabc40d02e3bb07.jpg,90,90.48
/home/jetson/jetsoncar_ws/recordings/3052e53c98a8/images/a894beaf28ff41febe6beb870b9c6dc3.jpg,90,90.56
/home/jetson/jetsoncar_ws/recordings/3052e53c98a8/images/bef99858152d40ccbbeb82f86831c90b.jpg,90,90.88
/home/jetson/jetsoncar_ws/recordings/3052e53c98a8/images/60e49d5a9bc546c2b33666c98a1fe765.jpg,90,91.68
/home/jetson/jetsoncar_ws/recordings/3052e53c98a8/images/06d42e71336646e3a72ba7ecead9f5f4.jpg,90,94.96
/home/jetson/jetsoncar_ws/recordings/3052e53c98a8/images/4a63290df7e4408dbad4ad4a74c2263c.jpg,90,96.16
/home/jetson/jetsoncar_ws/recordings/3052e53c98a8/images/d7fd7ac5cb164c05afb2ccd8f0d59ed3.jpg,76.05000000000001,96.16
/home/jetson/jetsoncar_ws/recordings/3052e53c98a8/images/5c090166c472473b8ef7c8bca558db6c.jpg,90,90.32
/home/jetson/jetsoncar_ws/recordings/3052e53c98a8/images/4478f74ee9bf4257bd7f03db35592a9d.jpg,49.5,90.0
/home/jetson/jetsoncar_ws/recordings/3052e53c98a8/images/1f8d18e71f6c4bf2a1017f3670b2b111.jpg,49.5,92.32
/home/jetson/jetsoncar_ws/recordings/3052e53c98a8/images/ce771f3816d640408c4214b7b68ed014.jpg,49.5,93.52
/home/jetson/jetsoncar_ws/recordings/3052e53c98a8/images/cda79a531f4d40eb9783c6ffc64e22b2.jpg,49.5,90.0
/home/jetson/jetsoncar_ws/recordings/3052e53c98a8/images/3435c08b8d2648819ea5ed62e67c269f.jpg,49.5,90.0
/home/jetson/jetsoncar_ws/recordings/3052e53c98a8/images/f2f5ad220e2a4a589e401a119be38c65.jpg,49.5,90.0
/home/jetson/jetsoncar_ws/recordings/3052e53c98a8/images/6b4aff9c371c4bc589267bce05563b94.jpg,49.5,90.0
/home/jetson/jetsoncar_ws/recordings/3052e53c98a8/images/fd974f9a8efb4703a21132bede6a1828.jpg,49.5,94.48
/home/jetson/jetsoncar_ws/recordings/3052e53c98a8/images/d97ec13af72f46b9ab53fe2691dbc910.jpg,49.5,94.8
/home/jetson/jetsoncar_ws/recordings/3052e53c98a8/images/e2d4ded2a77840759c5a7d71ebf98a64.jpg,49.5,93.28
/home/jetson/jetsoncar_ws/recordings/3052e53c98a8/images/6235d78b78734000ae258016bbb6e65e.jpg,49.5,91.52
/home/jetson/jetsoncar_ws/recordings/3052e53c98a8/images/8907862b04c84e0db90ab0158fa76ee4.jpg,49.5,90.0
/home/jetson/jetsoncar_ws/recordings/3052e53c98a8/images/27b459a86bcd4053954af13239cbfdda.jpg,49.5,92.88
/home/jetson/jetsoncar_ws/recordings/3052e53c98a8/images/05e769a87fa945f58b7e84afd6300aed.jpg,49.5,94.96
/home/jetson/jetsoncar_ws/recordings/3052e53c98a8/images/e525c25b49ca45ae818fb36511937dbb.jpg,49.5,94.96
/home/jetson/jetsoncar_ws/recordings/3052e53c98a8/images/5d16e885facf4eecabfc8715be96cb3b.jpg,49.5,94.96
/home/jetson/jetsoncar_ws/recordings/3052e53c98a8/images/ddf1fd31cc1e4ef39edd3ef53a8ac834.jpg,90,90.0
/home/jetson/jetsoncar_ws/recordings/3052e53c98a8/images/4e7b40b10634449ca7e91025f9d97082.jpg,49.5,90.0
/home/jetson/jetsoncar_ws/recordings/3052e53c98a8/images/045a7dddb4d2418c965369282f1ce6dc.jpg,49.5,93.36
/home/jetson/jetsoncar_ws/recordings/3052e53c98a8/images/97fa444b65574c21a785f783672ecf72.jpg,49.5,95.44
/home/jetson/jetsoncar_ws/recordings/3052e53c98a8/images/2deb5844d49a4aee92128b6fe2fbd941.jpg,49.5,94.96
/home/jetson/jetsoncar_ws/recordings/3052e53c98a8/images/c3a20c7352974a169abc77c1dafbba58.jpg,49.5,92.0
/home/jetson/jetsoncar_ws/recordings/3052e53c98a8/images/40e3820b32044dd6b2675ed0a73c9dfa.jpg,49.5,90.0
/home/jetson/jetsoncar_ws/recordings/3052e53c98a8/images/8276729619cd4cf7bd2361357ba9b04c.jpg,90,90.0
/home/jetson/jetsoncar_ws/recordings/3052e53c98a8/images/73ef822c58c04a93ae161f054569cce1.jpg,90,90.0
/home/jetson/jetsoncar_ws/recordings/3052e53c98a8/images/a27d9b35a83d48b8b936c94697087047.jpg,90,90.0
/home/jetson/jetsoncar_ws/recordings/3052e53c98a8/images/0e520673a4514fea90299afbc1c6a115.jpg,90,90.0
/home/jetson/jetsoncar_ws/recordings/3052e53c98a8/images/e072d49cc0a74fb3a53181207aadef8b.jpg,90,90.0
/home/jetson/jetsoncar_ws/recordings/3052e53c98a8/images/a14995e2878b4e80a9da3d00fe511a57.jpg,90,90.0
/home/jetson/jetsoncar_ws/recordings/3052e53c98a8/images/94c57f5ee3fd4475b5f2e32276111681.jpg,90,90.0
/home/jetson/jetsoncar_ws/recordings/3052e53c98a8/images/02f9f7e01fbb4c66a1ea05e7cac1215d.jpg,90,90.0
/home/jetson/jetsoncar_ws/recordings/3052e53c98a8/images/e9a88e7ee2cf4746a92448dd1c76f4c6.jpg,90,90.0
/home/jetson/jetsoncar_ws/recordings/3052e53c98a8/images/d610c59fab954a099de4cec804eaf4e3.jpg,90,90.0
/home/jetson/jetsoncar_ws/recordings/3052e53c98a8/images/c0cfe63f6f244eee9c2eb26d5d2a7139.jpg,90,90.0
/home/jetson/jetsoncar_ws/recordings/3052e53c98a8/images/cbf15dc95e4442b49d2dfe5f3d8a9eed.jpg,90,90.0
/home/jetson/jetsoncar_ws/recordings/3052e53c98a8/images/a2218925e29f49f5a81c53c0607dc547.jpg,49.5,90.0
/home/jetson/jetsoncar_ws/recordings/3052e53c98a8/images/e56bcd6bd85b4305a47e6e1e250fc7e4.jpg,49.5,95.12
/home/jetson/jetsoncar_ws/recordings/3052e53c98a8/images/8e85f3a346b8457f818110e04c1a985b.jpg,49.5,95.44
/home/jetson/jetsoncar_ws/recordings/3052e53c98a8/images/85dca17b91ca4837aa90341106e15fe5.jpg,49.5,95.44
/home/jetson/jetsoncar_ws/recordings/3052e53c98a8/images/d3a97a6bc15d4d52ad072d9250f84029.jpg,49.5,95.52
/home/jetson/jetsoncar_ws/recordings/3052e53c98a8/images/2bdf103b2e3b4dd5ad98cd5497d6fc93.jpg,49.5,95.6
/home/jetson/jetsoncar_ws/recordings/3052e53c98a8/images/7c44739a8a79438c9d70bd118f214ede.jpg,90,95.76
/home/jetson/jetsoncar_ws/recordings/3052e53c98a8/images/c8a7f3711d3c4f4989e65f2734594002.jpg,90,95.76
/home/jetson/jetsoncar_ws/recordings/3052e53c98a8/images/bc121c39e9464547aa064dcdb9598450.jpg,90,95.84
/home/jetson/jetsoncar_ws/recordings/3052e53c98a8/images/2b40aa3006a943a98a3a48e04e01384a.jpg,90,95.92
/home/jetson/jetsoncar_ws/recordings/3052e53c98a8/images/90015f52473c435d92cb465c3c21386a.jpg,90,96.0
/home/jetson/jetsoncar_ws/recordings/3052e53c98a8/images/5f1c4c59f66e49c0bd3a9a7f6989bac7.jpg,90,95.76
/home/jetson/jetsoncar_ws/recordings/3052e53c98a8/images/fe31b767a517454b872d70243c38cb86.jpg,90,92.32
/home/jetson/jetsoncar_ws/recordings/3052e53c98a8/images/c2b9e0c05a8847f19c721c8c087b4480.jpg,90,94.72
/home/jetson/jetsoncar_ws/recordings/3052e53c98a8/images/cd0d345a90d04a1398007880d6b58259.jpg,90,91.6
/home/jetson/jetsoncar_ws/recordings/3052e53c98a8/images/5f6103b3a5ca4b4bad9ff2aafcbbede4.jpg,90,93.2
/home/jetson/jetsoncar_ws/recordings/3052e53c98a8/images/9aa10e63fd7549f3ae44e901a88c6b72.jpg,90,94.32
/home/jetson/jetsoncar_ws/recordings/3052e53c98a8/images/0231668d744e463ea84a761045117fdd.jpg,90,93.36
/home/jetson/jetsoncar_ws/recordings/3052e53c98a8/images/e4c0897546c943a68282ca2b139c2fc9.jpg,90,94.4
/home/jetson/jetsoncar_ws/recordings/3052e53c98a8/images/97f05651d1ad438fa0a2ad579222e7ac.jpg,101.7,94.48
/home/jetson/jetsoncar_ws/recordings/3052e53c98a8/images/dba9f5f468a64e35a9d5ab42a6fef803.jpg,90,95.2
/home/jetson/jetsoncar_ws/recordings/3052e53c98a8/images/3f9fb6f7aa1040718fdf9a641752fb41.jpg,104.39999999999999,90.0
/home/jetson/jetsoncar_ws/recordings/3052e53c98a8/images/f9a6bc1992df4c0d8643449d79cdffaa.jpg,110.25000000000001,95.52
/home/jetson/jetsoncar_ws/recordings/3052e53c98a8/images/9b1c4408542a4ac1bc7d661d3e26a51d.jpg,109.8,95.28
/home/jetson/jetsoncar_ws/recordings/3052e53c98a8/images/00017779212f4ebdab0f5a39891a8118.jpg,103.95,95.12
/home/jetson/jetsoncar_ws/recordings/3052e53c98a8/images/73cb427e29c044029e1e10fd16c0b2a0.jpg,90,95.2
/home/jetson/jetsoncar_ws/recordings/3052e53c98a8/images/76e1c5d6776249cd8889304d544ecf9f.jpg,90,93.12
/home/jetson/jetsoncar_ws/recordings/3052e53c98a8/images/dfd3fe9897db44b89f8f6e52bca45837.jpg,130.5,93.12
/home/jetson/jetsoncar_ws/recordings/3052e53c98a8/images/f718013cf003440ab10d19f7472ed848.jpg,130.5,93.84
/home/jetson/jetsoncar_ws/recordings/3052e53c98a8/images/ca3eb79212134f81a8c8bffecd3ab147.jpg,130.5,92.64
/home/jetson/jetsoncar_ws/recordings/3052e53c98a8/images/84c963dbf1124ca7bc6e15c40530b957.jpg,90,90.0
/home/jetson/jetsoncar_ws/recordings/3052e53c98a8/images/6aca1a947be74276ac8aff75a8eb32f7.jpg,90,90.0
/home/jetson/jetsoncar_ws/recordings/3052e53c98a8/images/10ef273d82334a5ea60a4230bfb50a59.jpg,90,90.0
/home/jetson/jetsoncar_ws/recordings/3052e53c98a8/images/71b990581de0498381ff56a88b14bb84.jpg,90,90.0
/home/jetson/jetsoncar_ws/recordings/3052e53c98a8/images/4e84eead58264ff19cad2bbc11c8b72c.jpg,90,90.0
/home/jetson/jetsoncar_ws/recordings/3052e53c98a8/images/0ecbd2627c1448229b572b58de86aeb4.jpg,90,90.0
/home/jetson/jetsoncar_ws/recordings/3052e53c98a8/images/397e202ad4564074a69c3beb36762361.jpg,90,90.0
/home/jetson/jetsoncar_ws/recordings/3052e53c98a8/images/1944b0709f7d491ebbd8df41ee09b40e.jpg,90,90.0
/home/jetson/jetsoncar_ws/recordings/3052e53c98a8/images/c7fe114c801c4446b893bbffac2c0e69.jpg,90,90.0
/home/jetson/jetsoncar_ws/recordings/3052e53c98a8/images/806cd44a417b417fb83d3d26d845b9f6.jpg,90,90.0
/home/jetson/jetsoncar_ws/recordings/3052e53c98a8/images/51d316e9f9bf414a9ed84ee8e968b2d2.jpg,90,90.0
/home/jetson/jetsoncar_ws/recordings/3052e53c98a8/images/e75d470b98fa4f62b517f1a12368f916.jpg,90,90.0
/home/jetson/jetsoncar_ws/recordings/3052e53c98a8/images/d527dd12a7ce4fb2a51670dd9adcb52e.jpg,90,90.0
/home/jetson/jetsoncar_ws/recordings/3052e53c98a8/images/f4aa05dc2c9d44f69d95ab05d80375ba.jpg,90,90.0
/home/jetson/jetsoncar_ws/recordings/3052e53c98a8/images/1ad62ce01afe49cebd2d846ffc070014.jpg,90,90.0
/home/jetson/jetsoncar_ws/recordings/3052e53c98a8/images/640b3b7c72af482f91d622e67036136d.jpg,90,90.0
/home/jetson/jetsoncar_ws/recordings/3052e53c98a8/images/c08f2d474f4a4503b0f5c092ab84b4ef.jpg,90,90.0
/home/jetson/jetsoncar_ws/recordings/3052e53c98a8/images/7f6c8c7b0d8c48bf81707523d94efd71.jpg,90,90.0
/home/jetson/jetsoncar_ws/recordings/3052e53c98a8/images/52b394e7cc97447489c0695702f62cbb.jpg,90,90.0
/home/jetson/jetsoncar_ws/recordings/3052e53c98a8/images/975381edf63e48be843cd0178b49583d.jpg,90,90.0
/home/jetson/jetsoncar_ws/recordings/3052e53c98a8/images/2d19bba01d234b0789c8afdd8fd5cd20.jpg,90,90.0
/home/jetson/jetsoncar_ws/recordings/3052e53c98a8/images/29da6cb1cbb64a549152131f6281aaa0.jpg,90,90.0
/home/jetson/jetsoncar_ws/recordings/3052e53c98a8/images/2bcfe1f073ba4adf842ce2bc2dde7b96.jpg,90,90.0
/home/jetson/jetsoncar_ws/recordings/3052e53c98a8/images/363841b7cb3c4798b1e7a6fb90fd30e4.jpg,90,90.0
/home/jetson/jetsoncar_ws/recordings/3052e53c98a8/images/c3c38a2cf46c4786a33efc1d79812d46.jpg,90,90.0
/home/jetson/jetsoncar_ws/recordings/3052e53c98a8/images/dc26312a5433435eb050264ce9477b45.jpg,90,90.0
/home/jetson/jetsoncar_ws/recordings/3052e53c98a8/images/753400a5de474bc68809903ffc9ba320.jpg,90,90.0
/home/jetson/jetsoncar_ws/recordings/3052e53c98a8/images/a60f0c4aeb75470bb389ed4560a86077.jpg,90,90.0
/home/jetson/jetsoncar_ws/recordings/3052e53c98a8/images/723cf57108724038b8e6e2382335c442.jpg,90,90.0
/home/jetson/jetsoncar_ws/recordings/3052e53c98a8/images/bc95e4aa6a1842449a9d131d70cc7f25.jpg,90,90.0
/home/jetson/jetsoncar_ws/recordings/3052e53c98a8/images/b30bf6cd6d5a45efb221a5659a38996e.jpg,90,90.0
/home/jetson/jetsoncar_ws/recordings/3052e53c98a8/images/d98dd648adc44adf99fb2da149d32ef0.jpg,90,90.0
/home/jetson/jetsoncar_ws/recordings/3052e53c98a8/images/1d7ebdfd902f4c4394ebc0c58c14f393.jpg,90,90.0
/home/jetson/jetsoncar_ws/recordings/3052e53c98a8/images/96dda3f7506c409598c83666dd6e0554.jpg,90,90.0
/home/jetson/jetsoncar_ws/recordings/3052e53c98a8/images/0f4c7d7650fe4e779c5d1b684b3d83ca.jpg,90,90.0
/home/jetson/jetsoncar_ws/recordings/3052e53c98a8/images/eb7004ce95b7447fadd6f38da5c35581.jpg,90,90.0
/home/jetson/jetsoncar_ws/recordings/3052e53c98a8/images/9e758a565abd4908a29f37dc42b2f44f.jpg,90,90.0
/home/jetson/jetsoncar_ws/recordings/3052e53c98a8/images/d0736361560843e890b785cd4d2293dd.jpg,90,90.0
/home/jetson/jetsoncar_ws/recordings/3052e53c98a8/images/11fd9128d8f34661a0632ad84e7bb0fe.jpg,90,90.0
/home/jetson/jetsoncar_ws/recordings/3052e53c98a8/images/19b5066f4ef741898acb3f00883ac19e.jpg,90,96.72
/home/jetson/jetsoncar_ws/recordings/3052e53c98a8/images/f4cb1731f3d743f6a530f8ae81f414f0.jpg,99.9,96.56
/home/jetson/jetsoncar_ws/recordings/3052e53c98a8/images/c331d051d10445a88465234c15519741.jpg,90,96.72
/home/jetson/jetsoncar_ws/recordings/3052e53c98a8/images/4b9bc5d6d49e4ba0817ef938efac72a4.jpg,101.7,96.16
/home/jetson/jetsoncar_ws/recordings/3052e53c98a8/images/6b8374b95b054d1c805ccf465a90b21a.jpg,130.5,90.0
/home/jetson/jetsoncar_ws/recordings/3052e53c98a8/images/c432c3e0448144919b7c75fcfa91177f.jpg,130.5,90.0
/home/jetson/jetsoncar_ws/recordings/3052e53c98a8/images/f5879cc2377f41459f88c31c125e936c.jpg,130.5,97.52
/home/jetson/jetsoncar_ws/recordings/3052e53c98a8/images/eb2a179114384f54aa7819ed27ec0586.jpg,130.5,93.92
/home/jetson/jetsoncar_ws/recordings/3052e53c98a8/images/4b1b90b5c88d400fbf882a559463e715.jpg,130.5,95.28
/home/jetson/jetsoncar_ws/recordings/3052e53c98a8/images/9cc85ec3e41d455d842ee2be2470872b.jpg,130.5,90.0
/home/jetson/jetsoncar_ws/recordings/3052e53c98a8/images/86b36cd941c4434d8ec78d9abd5d409b.jpg,130.5,94.96
/home/jetson/jetsoncar_ws/recordings/3052e53c98a8/images/6af6619a2550427886aa0390cec0df23.jpg,101.7,94.64
/home/jetson/jetsoncar_ws/recordings/3052e53c98a8/images/18d274451f284bec938a705059f404e3.jpg,112.5,95.12
/home/jetson/jetsoncar_ws/recordings/3052e53c98a8/images/3bc153f47ff14f9e94cd703f64c53429.jpg,99.9,97.12
/home/jetson/jetsoncar_ws/recordings/3052e53c98a8/images/269005a89e9649d5af7c9f5b69efd3f5.jpg,90,97.12
/home/jetson/jetsoncar_ws/recordings/3052e53c98a8/images/4e3b91cf528b4b68a8e504b5834c25bc.jpg,126.45,96.8
/home/jetson/jetsoncar_ws/recordings/3052e53c98a8/images/f318185cc7504d3d80e7c81737837161.jpg,90,96.8
/home/jetson/jetsoncar_ws/recordings/3052e53c98a8/images/ddb34b8049ef48cfb7e1f559a9b905c0.jpg,90,91.44
/home/jetson/jetsoncar_ws/recordings/3052e53c98a8/images/8e8b8838d2a34ff1a119898ae8475d03.jpg,90,95.12
/home/jetson/jetsoncar_ws/recordings/3052e53c98a8/images/163558502065406786647e683e86f246.jpg,90,90.0
/home/jetson/jetsoncar_ws/recordings/3052e53c98a8/images/93bc8822df544030abe71308413c92ee.jpg,49.5,90.0
/home/jetson/jetsoncar_ws/recordings/3052e53c98a8/images/8f49903df0bd4e6eaec0b8a88957de4d.jpg,49.5,94.4
/home/jetson/jetsoncar_ws/recordings/3052e53c98a8/images/4af4d43c2f1642478a9247b27b471ae1.jpg,49.5,92.8
/home/jetson/jetsoncar_ws/recordings/3052e53c98a8/images/87e7bb3e5bf64f3fa92f2494be915c17.jpg,49.5,94.8
/home/jetson/jetsoncar_ws/recordings/3052e53c98a8/images/6b6d6a58f7d44aa0821d1297f2cb54be.jpg,77.4,94.96
/home/jetson/jetsoncar_ws/recordings/3052e53c98a8/images/6057174e249946b79efb513556d2ff03.jpg,90,92.88
/home/jetson/jetsoncar_ws/recordings/3052e53c98a8/images/78ea2f354ecd416f87a682c3a15f614c.jpg,90,94.4
/home/jetson/jetsoncar_ws/recordings/3052e53c98a8/images/75155e560eed4a4fa67837e5fb2d6994.jpg,75.6,93.6
/home/jetson/jetsoncar_ws/recordings/3052e53c98a8/images/5a9dae3f53544056a079646fb5b25d66.jpg,90,90.0
/home/jetson/jetsoncar_ws/recordings/3052e53c98a8/images/f728ee4b866c42718ff77f25be3b9d97.jpg,90,90.0
/home/jetson/jetsoncar_ws/recordings/3052e53c98a8/images/12ec26dd801645df8f833d826ea2489b.jpg,73.35,90.0
/home/jetson/jetsoncar_ws/recordings/3052e53c98a8/images/c05c0051f0d245f29554e31e4638d352.jpg,73.35,90.0
/home/jetson/jetsoncar_ws/recordings/3052e53c98a8/images/071a9069d58d4696a5d9198cb7f1d42a.jpg,70.65,90.0
/home/jetson/jetsoncar_ws/recordings/3052e53c98a8/images/4b99736daa6f40b8ab1eff54b38805e0.jpg,69.3,90.08
/home/jetson/jetsoncar_ws/recordings/3052e53c98a8/images/ca04e44e7d0d461795c70009f9a7f807.jpg,49.5,90.0
/home/jetson/jetsoncar_ws/recordings/3052e53c98a8/images/7d155b64f2dc44ce83aaa4e0fda05a24.jpg,49.5,90.16
/home/jetson/jetsoncar_ws/recordings/3052e53c98a8/images/72f2943124ae447eabf491d5ddf2e964.jpg,49.5,90.0
/home/jetson/jetsoncar_ws/recordings/3052e53c98a8/images/8db06b4c978a4ba38e6eabb14ea3ab10.jpg,49.5,90.0
/home/jetson/jetsoncar_ws/recordings/3052e53c98a8/images/fd0c8747de21493b83f238d8ba4a3bf0.jpg,49.5,90.0
/home/jetson/jetsoncar_ws/recordings/3052e53c98a8/images/d8487f36549c48d2900a0c3be8d09672.jpg,49.5,90.0
/home/jetson/jetsoncar_ws/recordings/3052e53c98a8/images/5dbdc0e46cfc4717a656651238228876.jpg,90,90.0
/home/jetson/jetsoncar_ws/recordings/3052e53c98a8/images/f8bb6595651c43d596ebf3ee4ffddf1c.jpg,90,90.0
/home/jetson/jetsoncar_ws/recordings/3052e53c98a8/images/008050f3bd574751bdf4a6c8a15bb317.jpg,90,90.0
/home/jetson/jetsoncar_ws/recordings/3052e53c98a8/images/235f91e15e274a57ad8aff6f4fba6f9d.jpg,90,90.0
/home/jetson/jetsoncar_ws/recordings/3052e53c98a8/images/3ab8c3b1287e4c3b9826f6df9c81e160.jpg,90,90.0
/home/jetson/jetsoncar_ws/recordings/3052e53c98a8/images/2a58eb98cb03435cbbb7021f915bbbcc.jpg,90,90.0
/home/jetson/jetsoncar_ws/recordings/3052e53c98a8/images/4ea8ff44ee514a1f80b1195feb676d37.jpg,90,90.0
/home/jetson/jetsoncar_ws/recordings/3052e53c98a8/images/cbff9be72cba4c0dae8e0b42c09bd1ac.jpg,90,90.0
/home/jetson/jetsoncar_ws/recordings/3052e53c98a8/images/6eb0d315bad241babfc1357b5bb5ee49.jpg,90,90.0
/home/jetson/jetsoncar_ws/recordings/3052e53c98a8/images/faaf6c55635842cd892baeed4325e12d.jpg,90,90.0
/home/jetson/jetsoncar_ws/recordings/3052e53c98a8/images/4a483712f20c4c7aaf5f03981106d09b.jpg,90,90.0
/home/jetson/jetsoncar_ws/recordings/3052e53c98a8/images/2b39ded3860845c6a8d0e092c39e2276.jpg,90,90.0
/home/jetson/jetsoncar_ws/recordings/3052e53c98a8/images/6a8b00f923b04617a4e8f2b1ecfe48db.jpg,90,90.0
/home/jetson/jetsoncar_ws/recordings/3052e53c98a8/images/c0e9ea27a9244250821c23502dffd31b.jpg,90,90.0
/home/jetson/jetsoncar_ws/recordings/3052e53c98a8/images/dec9af394dde42228a4281404975b86b.jpg,90,90.0
/home/jetson/jetsoncar_ws/recordings/3052e53c98a8/images/13840e413c6847e7bd0a08e07663659f.jpg,90,90.0
/home/jetson/jetsoncar_ws/recordings/3052e53c98a8/images/1bbd67c5a6814d8899c5ca1aa7fa441a.jpg,90,90.0
/home/jetson/jetsoncar_ws/recordings/3052e53c98a8/images/9de6915d9bb844869b5d761a535a0d7b.jpg,90,90.0
/home/jetson/jetsoncar_ws/recordings/3052e53c98a8/images/93f04be8c2aa4454b5831adeaaf14207.jpg,90,90.0
/home/jetson/jetsoncar_ws/recordings/3052e53c98a8/images/5ce0e133541c4daa86e3913e05e33ed2.jpg,90,90.0
/home/jetson/jetsoncar_ws/recordings/3052e53c98a8/images/9ca4e3c087454dd1982cdc4b1abda991.jpg,90,90.0
/home/jetson/jetsoncar_ws/recordings/3052e53c98a8/images/05ab44c1a8c54165ba077cfb52a272b9.jpg,90,90.0
/home/jetson/jetsoncar_ws/recordings/3052e53c98a8/images/336e3dbcfe92474993e899d218024c5e.jpg,90,94.08
/home/jetson/jetsoncar_ws/recordings/3052e53c98a8/images/5666a5963a10452bb8dab80a06392fee.jpg,65.7,95.28
/home/jetson/jetsoncar_ws/recordings/3052e53c98a8/images/233454314d9d41a39d959d675461930a.jpg,90,95.2
/home/jetson/jetsoncar_ws/recordings/3052e53c98a8/images/2e8679f174514c199a891fb9a57b3495.jpg,90,95.2
/home/jetson/jetsoncar_ws/recordings/3052e53c98a8/images/665b6087123b43f6b0f5cb12c9e60e40.jpg,74.7,95.12
/home/jetson/jetsoncar_ws/recordings/3052e53c98a8/images/79bb0475aebf451b94afcca0ed12b768.jpg,90,95.2
/home/jetson/jetsoncar_ws/recordings/3052e53c98a8/images/3c2fc416024b42f5b9b0499d86e5e8e8.jpg,100.35,95.2
/home/jetson/jetsoncar_ws/recordings/3052e53c98a8/images/388b6c66f3ad419199ab0ba56b5cf98e.jpg,110.7,95.2
/home/jetson/jetsoncar_ws/recordings/3052e53c98a8/images/2994109c2f6a481889321f1d669df71f.jpg,90,94.48
/home/jetson/jetsoncar_ws/recordings/3052e53c98a8/images/4dfb9ff3de6b40bd94e78108189673ec.jpg,90,91.76
/home/jetson/jetsoncar_ws/recordings/3052e53c98a8/images/18e9956050e248b6b4cabff927355b9f.jpg,58.5,94.4
/home/jetson/jetsoncar_ws/recordings/3052e53c98a8/images/73d7906952a14dbf8c4988eb32b645db.jpg,90,94.4
/home/jetson/jetsoncar_ws/recordings/3052e53c98a8/images/58b346c221384855a20bc3d576ea9255.jpg,90,92.4
/home/jetson/jetsoncar_ws/recordings/3052e53c98a8/images/76ecc2b1a6c7494ba2e6e5a01e96e37f.jpg,90,94.88
/home/jetson/jetsoncar_ws/recordings/3052e53c98a8/images/e3a2c715bd964efd941640e6b46f5031.jpg,90,94.88
/home/jetson/jetsoncar_ws/recordings/3052e53c98a8/images/4c382932eb9d4ffcbc71b170f398937d.jpg,90,94.8
/home/jetson/jetsoncar_ws/recordings/3052e53c98a8/images/9ad0d3cd35824fd2ac9f73d24fca6343.jpg,110.7,94.72
/home/jetson/jetsoncar_ws/recordings/3052e53c98a8/images/b32c04f2cf2b4dd5ad9d1df8e2c5d8f4.jpg,109.35000000000001,94.8
/home/jetson/jetsoncar_ws/recordings/3052e53c98a8/images/94d234fdafdf4a0fa931e52a1d24750d.jpg,109.35000000000001,95.04
/home/jetson/jetsoncar_ws/recordings/3052e53c98a8/images/b77ac58b5a9347f5a6dc9feb0871275f.jpg,90,92.32
/home/jetson/jetsoncar_ws/recordings/3052e53c98a8/images/b5de2b8481074a50a24e30326c96a517.jpg,104.85,95.44
/home/jetson/jetsoncar_ws/recordings/3052e53c98a8/images/61437c74b94b43ca92d50471aa9a9db0.jpg,114.75,92.88
/home/jetson/jetsoncar_ws/recordings/3052e53c98a8/images/ca55e9ba15404e2c9a63bb230be257d2.jpg,120.60000000000001,94.48
/home/jetson/jetsoncar_ws/recordings/3052e53c98a8/images/dcffc2677f3e4c71ae36e7d8dada1639.jpg,121.05,95.6
/home/jetson/jetsoncar_ws/recordings/3052e53c98a8/images/9981e146f0eb410cbecf8704bc35a180.jpg,90,92.48
/home/jetson/jetsoncar_ws/recordings/3052e53c98a8/images/b26422d4150640db9a64297e6b48d379.jpg,101.7,95.84
/home/jetson/jetsoncar_ws/recordings/3052e53c98a8/images/44a892cb20fe41e292a381f2c8c8b950.jpg,118.35,94.96
/home/jetson/jetsoncar_ws/recordings/3052e53c98a8/images/7bc7b76970414641bc747a372053bfb0.jpg,120.14999999999999,95.12
/home/jetson/jetsoncar_ws/recordings/3052e53c98a8/images/8bb432eb0a334ee3b2a2231e081d0075.jpg,105.75,95.76
/home/jetson/jetsoncar_ws/recordings/3052e53c98a8/images/744e13b6c528458f94115c4a45c33eae.jpg,90,95.2
/home/jetson/jetsoncar_ws/recordings/3052e53c98a8/images/ff84a6f7574f466ea2c3d04bd4cc399e.jpg,90,94.72
/home/jetson/jetsoncar_ws/recordings/3052e53c98a8/images/4306e1ee5e9e4fee90d320f5dee68aac.jpg,90,94.48
/home/jetson/jetsoncar_ws/recordings/3052e53c98a8/images/27a1f5e0806047b1a64c567d3cabbbc8.jpg,90,90.0
/home/jetson/jetsoncar_ws/recordings/3052e53c98a8/images/452f9f6d23e84dc5a805b07f3c3b8876.jpg,90,90.0
/home/jetson/jetsoncar_ws/recordings/3052e53c98a8/images/37be9d5ef0a74a24bd6b4cc4f4a8b3bf.jpg,90,90.0
/home/jetson/jetsoncar_ws/recordings/3052e53c98a8/images/f950dcb62e0a4dc691fa4a28b379224e.jpg,90,93.2
/home/jetson/jetsoncar_ws/recordings/3052e53c98a8/images/2a74bbbc4eaf494391c5cef63f7eb3fb.jpg,90,94.48
/home/jetson/jetsoncar_ws/recordings/3052e53c98a8/images/4d76b5026fc84be081f70d5d4453449f.jpg,90,90.0
