/home/jetson/jetsoncar_ws/recordings/de2a894e743b/images/dff29e369aa34848885a1b15a58c4e91.jpg,90,90.0
/home/jetson/jetsoncar_ws/recordings/de2a894e743b/images/77e6a944b5d54def84a89f2c80a1ff85.jpg,90,90.0
/home/jetson/jetsoncar_ws/recordings/de2a894e743b/images/94f93dc66a48447b95d64daf6097dd34.jpg,90,90.0
/home/jetson/jetsoncar_ws/recordings/de2a894e743b/images/ee1b92d5e0df42f4b4fe2b34846bf2e3.jpg,90,91.44
/home/jetson/jetsoncar_ws/recordings/de2a894e743b/images/840b109e61a34950a083c81828e1559c.jpg,90,91.6
/home/jetson/jetsoncar_ws/recordings/de2a894e743b/images/dc69310e72464c8e88c35dee44465520.jpg,90,94.64
/home/jetson/jetsoncar_ws/recordings/de2a894e743b/images/34ac0101d5ba45ab858f688992671337.jpg,90,94.24
/home/jetson/jetsoncar_ws/recordings/de2a894e743b/images/14295834d4f64641906174d1572b449d.jpg,90,93.76
/home/jetson/jetsoncar_ws/recordings/de2a894e743b/images/19e8a903695442dcab0f527d834b4158.jpg,90,94.48
/home/jetson/jetsoncar_ws/recordings/de2a894e743b/images/df78e03d9e064e9983476d6905d0f43b.jpg,90,94.32
/home/jetson/jetsoncar_ws/recordings/de2a894e743b/images/fb184be1ea9141ea81a703365df187f6.jpg,102.6,94.24
/home/jetson/jetsoncar_ws/recordings/de2a894e743b/images/eebb3d1d8e0a4b1195bb5b6c858e286c.jpg,90,94.08
/home/jetson/jetsoncar_ws/recordings/de2a894e743b/images/380a4d36c21042ea8e310b0cdbcb2061.jpg,90,92.8
/home/jetson/jetsoncar_ws/recordings/de2a894e743b/images/95e229655cc44d1fbe46c9a94a5378b4.jpg,90,94.08
/home/jetson/jetsoncar_ws/recordings/de2a894e743b/images/66cec7f7e87f4ae6bc5b0d49c2310394.jpg,100.8,94.64
/home/jetson/jetsoncar_ws/recordings/de2a894e743b/images/69472b7bff6d435c80cac0ac2794b8aa.jpg,104.39999999999999,94.64
/home/jetson/jetsoncar_ws/recordings/de2a894e743b/images/cdade7b4b3204c0988f2d3c8d62ff08f.jpg,111.6,94.56
/home/jetson/jetsoncar_ws/recordings/de2a894e743b/images/cd4a820b3ef14ccab085c1713bd40527.jpg,90,94.24
/home/jetson/jetsoncar_ws/recordings/de2a894e743b/images/fb528f4a93284bd59627635382ab083d.jpg,105.75,93.84
/home/jetson/jetsoncar_ws/recordings/de2a894e743b/images/bd5a6e66c3df4b38a577c278a27eacc1.jpg,103.5,93.84
/home/jetson/jetsoncar_ws/recordings/de2a894e743b/images/0bdb4533e272443db361991cc4521f0c.jpg,103.95,94.32
/home/jetson/jetsoncar_ws/recordings/de2a894e743b/images/54b7ecfbcbe046188df4f99688c4c1bd.jpg,107.55000000000001,95.36
/home/jetson/jetsoncar_ws/recordings/de2a894e743b/images/8b2377def7e94a1dbf21808cee5ea1c0.jpg,108.9,94.24
/home/jetson/jetsoncar_ws/recordings/de2a894e743b/images/9fea03de9e1b4c97b97856f04ec3db05.jpg,90,94.16
/home/jetson/jetsoncar_ws/recordings/de2a894e743b/images/d5faa3d8f86447559e3b71ab4b56920a.jpg,90,96.56
/home/jetson/jetsoncar_ws/recordings/de2a894e743b/images/0aa982c191a04abbb6bce2f791c1a640.jpg,90,95.2
/home/jetson/jetsoncar_ws/recordings/de2a894e743b/images/7f209a3a970241c0b32a49502778b276.jpg,90,95.12
/home/jetson/jetsoncar_ws/recordings/de2a894e743b/images/3d2645112d2f4115b410fe0bd558ddca.jpg,90,95.52
/home/jetson/jetsoncar_ws/recordings/de2a894e743b/images/74a83a69142c4b1e93bcd82b5e634bf1.jpg,90,92.88
/home/jetson/jetsoncar_ws/recordings/de2a894e743b/images/8e02f9687f8d411a89ce28b29eb79e08.jpg,90,94.8
/home/jetson/jetsoncar_ws/recordings/de2a894e743b/images/4cbcf0e78fe14f6cbf465cb02d10131a.jpg,90,94.96
/home/jetson/jetsoncar_ws/recordings/de2a894e743b/images/245634caf8734054848c9646be25d07c.jpg,74.25,94.8
/home/jetson/jetsoncar_ws/recordings/de2a894e743b/images/ed0127e17a2947aa936f814c0635eacc.jpg,72.0,94.16
/home/jetson/jetsoncar_ws/recordings/de2a894e743b/images/919623353cb54568820ac536679a05bb.jpg,68.85,92.8
/home/jetson/jetsoncar_ws/recordings/de2a894e743b/images/c2aca2ab84494510b1c7d831de4dfca6.jpg,70.65,90.0
/home/jetson/jetsoncar_ws/recordings/de2a894e743b/images/997b3688eee44a438304048c5d5ecb7f.jpg,74.7,90.0
/home/jetson/jetsoncar_ws/recordings/de2a894e743b/images/7d8583910b764639b8a16d7ecd4608e4.jpg,74.25,90.0
/home/jetson/jetsoncar_ws/recordings/de2a894e743b/images/eda8f87ed05d4c4ab05f5473846754fc.jpg,49.5,90.0
/home/jetson/jetsoncar_ws/recordings/de2a894e743b/images/b613f868a65841f2b0b20580d1470d8c.jpg,49.5,90.0
/home/jetson/jetsoncar_ws/recordings/de2a894e743b/images/128d8829e42d4469ba7d25613011599e.jpg,49.5,90.0
/home/jetson/jetsoncar_ws/recordings/de2a894e743b/images/7920cfe5fe8d478c8ab9ac241c31998e.jpg,49.5,90.0
/home/jetson/jetsoncar_ws/recordings/de2a894e743b/images/7e40bdde712942ebbe84ff8a48054cba.jpg,49.5,90.0
/home/jetson/jetsoncar_ws/recordings/de2a894e743b/images/ea2eb3dbad95452abd7625736812a7dd.jpg,49.5,90.0
/home/jetson/jetsoncar_ws/recordings/de2a894e743b/images/e8ff26a540034b70b635439e2ec51073.jpg,49.5,90.0
/home/jetson/jetsoncar_ws/recordings/de2a894e743b/images/0dfd038573ac439ba904493956da7d64.jpg,49.5,90.0
/home/jetson/jetsoncar_ws/recordings/de2a894e743b/images/ed0282d1ce4e44588320db6f3b46c442.jpg,49.5,90.0
/home/jetson/jetsoncar_ws/recordings/de2a894e743b/images/db5eb008a1dd41db85f43cf624a0c14a.jpg,49.5,91.76
/home/jetson/jetsoncar_ws/recordings/de2a894e743b/images/c11a291e5fbd448a883dd7f907f7b323.jpg,49.5,94.4
/home/jetson/jetsoncar_ws/recordings/de2a894e743b/images/a24db2055e724ca6b9478d7953b85b26.jpg,49.5,94.4
/home/jetson/jetsoncar_ws/recordings/de2a894e743b/images/0ab2d9590aa041c3af6d181c3a02a013.jpg,49.5,94.0
/home/jetson/jetsoncar_ws/recordings/de2a894e743b/images/96e421630b8b4879a7652941d5d48f93.jpg,49.5,94.16
/home/jetson/jetsoncar_ws/recordings/de2a894e743b/images/d3177d720714471c8ec45d1e87a1f6f4.jpg,49.5,93.92
/home/jetson/jetsoncar_ws/recordings/de2a894e743b/images/e59bbea334544e48bfbf9d6d29b0aab3.jpg,49.5,94.08
/home/jetson/jetsoncar_ws/recordings/de2a894e743b/images/1c0ac605ef3d4ea9918eaf59e96bcf4c.jpg,49.5,92.4
/home/jetson/jetsoncar_ws/recordings/de2a894e743b/images/9cefd7cc8d8f4ef287e7da14d8e440ee.jpg,49.5,93.28
/home/jetson/jetsoncar_ws/recordings/de2a894e743b/images/475605011714432398debc356d08aaa8.jpg,63.9,94.4
/home/jetson/jetsoncar_ws/recordings/de2a894e743b/images/d3bfd46dfe6446c4b4cce0b0fd3841b9.jpg,76.5,94.72
/home/jetson/jetsoncar_ws/recordings/de2a894e743b/images/9075d2a267ed4351b30e55f5a897d908.jpg,90,93.04
/home/jetson/jetsoncar_ws/recordings/de2a894e743b/images/51c6f0724d6f4cb386eb1653e671d469.jpg,76.95,95.6
/home/jetson/jetsoncar_ws/recordings/de2a894e743b/images/10179ea6ed4f4e9b99020dbf8d66c5c9.jpg,90,96.0
/home/jetson/jetsoncar_ws/recordings/de2a894e743b/images/2c54215672974b94a901a69b77c83406.jpg,60.3,95.68
/home/jetson/jetsoncar_ws/recordings/de2a894e743b/images/965a4add52304a888151977704d759f0.jpg,80.1,94.8
/home/jetson/jetsoncar_ws/recordings/de2a894e743b/images/b2b9ddef8b954f56b322ffff1b6e0739.jpg,90,95.28
/home/jetson/jetsoncar_ws/recordings/de2a894e743b/images/b3600c6f3d7b4b94bbcfdbf922d42e34.jpg,90,90.24
/home/jetson/jetsoncar_ws/recordings/de2a894e743b/images/9b99ae8855eb426baad4a578447d3971.jpg,90,92.32
/home/jetson/jetsoncar_ws/recordings/de2a894e743b/images/12ee1046425b46c6b6ee88bf1e766398.jpg,90,92.8
/home/jetson/jetsoncar_ws/recordings/de2a894e743b/images/6a7b281610474dfe8232ef380f6120e7.jpg,101.7,94.96
/home/jetson/jetsoncar_ws/recordings/de2a894e743b/images/3cde658dee164175965ecb3224b61637.jpg,103.5,93.6
/home/jetson/jetsoncar_ws/recordings/de2a894e743b/images/6f0413ff9d034112a78a8c3d3b0cffc5.jpg,90,95.12
/home/jetson/jetsoncar_ws/recordings/de2a894e743b/images/10a38e0266a949aeb6b3090e59e0a485.jpg,90,95.12
/home/jetson/jetsoncar_ws/recordings/de2a894e743b/images/958291218d3649fe916c6098913bb6ff.jpg,90,92.08
/home/jetson/jetsoncar_ws/recordings/de2a894e743b/images/d6fb8b8108294e56a26cbcd8c2e18ea0.jpg,90,90.08
/home/jetson/jetsoncar_ws/recordings/de2a894e743b/images/931992f52bd2403aac89373748e37ffc.jpg,90,93.12
/home/jetson/jetsoncar_ws/recordings/de2a894e743b/images/78cf6a011a70440cb22da4f2faf8fada.jpg,90,94.96
/home/jetson/jetsoncar_ws/recordings/de2a894e743b/images/1a0ca7b0abe4440bafd64d16d70f9c80.jpg,90,94.96
/home/jetson/jetsoncar_ws/recordings/de2a894e743b/images/cfd06abb3f1642e5bf0c7e8a675b0034.jpg,90,90.0
/home/jetson/jetsoncar_ws/recordings/de2a894e743b/images/65abddbd67134ca6ad013a7adce4ce6f.jpg,90,90.0
/home/jetson/jetsoncar_ws/recordings/de2a894e743b/images/6cb53fe5de8140d89435cc4b318d1ceb.jpg,90,93.52
/home/jetson/jetsoncar_ws/recordings/de2a894e743b/images/be734728ca754e0c9924a74d3599b42c.jpg,90,94.24
/home/jetson/jetsoncar_ws/recordings/de2a894e743b/images/c51a7d8432f949bab54d2cde75945c61.jpg,90,94.24
/home/jetson/jetsoncar_ws/recordings/de2a894e743b/images/4b8f59d172cf4659ad40c8bf7a6931cd.jpg,90,94.08
/home/jetson/jetsoncar_ws/recordings/de2a894e743b/images/ffcf53365bd84401b874d12acf52f2ce.jpg,90,94.08
/home/jetson/jetsoncar_ws/recordings/de2a894e743b/images/ac36fc257ddf438c9389c7e107ff1f79.jpg,90,94.4
/home/jetson/jetsoncar_ws/recordings/de2a894e743b/images/ed12b931c3e342e7a6efbb007b05583d.jpg,90,93.92
/home/jetson/jetsoncar_ws/recordings/de2a894e743b/images/09179fa6ff664c36a694803918804eb7.jpg,90,95.12
/home/jetson/jetsoncar_ws/recordings/de2a894e743b/images/84bc7b2ae4f247cab48189f0b271d34e.jpg,90,90.0
/home/jetson/jetsoncar_ws/recordings/de2a894e743b/images/acf499ac1bb54c63ae279e491befd784.jpg,90,90.0
/home/jetson/jetsoncar_ws/recordings/de2a894e743b/images/2e8b7701e06144e99a6031dea8bef338.jpg,90,90.0
/home/jetson/jetsoncar_ws/recordings/de2a894e743b/images/30fcbf60ed4f4f4c8638cb4127d958fc.jpg,90,90.0
/home/jetson/jetsoncar_ws/recordings/de2a894e743b/images/11de381a49ed40868af9d364390d9550.jpg,90,90.0
/home/jetson/jetsoncar_ws/recordings/de2a894e743b/images/b5bc4170dd7140f481a1567682b24112.jpg,90,90.16
/home/jetson/jetsoncar_ws/recordings/de2a894e743b/images/2f47a49cfcb44d728f8303214bfce9af.jpg,49.5,90.0
/home/jetson/jetsoncar_ws/recordings/de2a894e743b/images/5f8e369f0f29434e98f975a19e3478ad.jpg,49.5,93.12
/home/jetson/jetsoncar_ws/recordings/de2a894e743b/images/e4986659202c4b749a9a7ba6f21f387f.jpg,49.5,94.8
/home/jetson/jetsoncar_ws/recordings/de2a894e743b/images/47d855d271154a65abc0cc7071cebf31.jpg,90,94.72
/home/jetson/jetsoncar_ws/recordings/de2a894e743b/images/8252b2c4469d4b59b3e5f0fac82ae771.jpg,90,94.56
/home/jetson/jetsoncar_ws/recordings/de2a894e743b/images/faf3ffe4a2434187abbda42a156cbf21.jpg,90,93.76
/home/jetson/jetsoncar_ws/recordings/de2a894e743b/images/d896c0d3f6a14604b83273adfd3c3646.jpg,90,94.64
/home/jetson/jetsoncar_ws/recordings/de2a894e743b/images/b5640276828a48cf94d42f49b4b3eb40.jpg,68.4,94.4
/home/jetson/jetsoncar_ws/recordings/de2a894e743b/images/3a19b316a9374e0098ce789eefe79306.jpg,72.45,91.76
/home/jetson/jetsoncar_ws/recordings/de2a894e743b/images/9d6e95e800e24d9d98e17492c13b1d8e.jpg,90,95.84
/home/jetson/jetsoncar_ws/recordings/de2a894e743b/images/3103aa61ef5e47b4b1540e9f860e80a3.jpg,90,93.52
/home/jetson/jetsoncar_ws/recordings/de2a894e743b/images/05dbd295b8a048a1b3138ff04a0a0e91.jpg,90,92.88
/home/jetson/jetsoncar_ws/recordings/de2a894e743b/images/5136a48b952b4233a95c913d48214c51.jpg,90,94.72
/home/jetson/jetsoncar_ws/recordings/de2a894e743b/images/30607132d99740898c1af9745ac0ae6c.jpg,90,94.96
/home/jetson/jetsoncar_ws/recordings/de2a894e743b/images/2c610d7dbdd64014af9e9fef4a24deb0.jpg,76.05000000000001,94.72
/home/jetson/jetsoncar_ws/recordings/de2a894e743b/images/987251d25b4548bcb22fc3a9a1b4eb49.jpg,76.5,93.2
/home/jetson/jetsoncar_ws/recordings/de2a894e743b/images/ad7e95f613254d419db2e39193945ce7.jpg,79.2,95.28
/home/jetson/jetsoncar_ws/recordings/de2a894e743b/images/b48342dbd6a64082bb39aed8d81ec1a2.jpg,78.3,94.48
/home/jetson/jetsoncar_ws/recordings/de2a894e743b/images/55c192c91ec645c6b79199b940232fb1.jpg,90,90.0
/home/jetson/jetsoncar_ws/recordings/de2a894e743b/images/072bd4f92cda4a7983b647ee3f745491.jpg,65.25,92.96
/home/jetson/jetsoncar_ws/recordings/de2a894e743b/images/c3cad04d5fcb4d33ae15ec1b3b6ca1b9.jpg,61.65,95.04
/home/jetson/jetsoncar_ws/recordings/de2a894e743b/images/5ddec26b2d6a4064937c783ef876ab1d.jpg,69.3,90.32
/home/jetson/jetsoncar_ws/recordings/de2a894e743b/images/195739be259447a7a81caa20a8d567ce.jpg,106.65,94.16
/home/jetson/jetsoncar_ws/recordings/de2a894e743b/images/06ae7b2add14401abc0eb7082a7ba708.jpg,90,93.68
/home/jetson/jetsoncar_ws/recordings/de2a894e743b/images/b526dcf2fd3b45f298996865fbee6a24.jpg,90,94.64
/home/jetson/jetsoncar_ws/recordings/de2a894e743b/images/3164355a9ef245679bf602abdd605dd1.jpg,90,94.72
/home/jetson/jetsoncar_ws/recordings/de2a894e743b/images/eba08858ee32442496983faff54a644f.jpg,90,90.0
/home/jetson/jetsoncar_ws/recordings/de2a894e743b/images/47143d7b965b4411b148482c33054b65.jpg,110.7,90.24
/home/jetson/jetsoncar_ws/recordings/de2a894e743b/images/033e2d810cd440428c0465e489a569fd.jpg,130.5,90.32
/home/jetson/jetsoncar_ws/recordings/de2a894e743b/images/20a0705bea654c8cb43c515ba4e2e41f.jpg,130.5,90.48
/home/jetson/jetsoncar_ws/recordings/de2a894e743b/images/96bb9de5458b4b6d8059fbe5a8953dd6.jpg,130.5,90.56
/home/jetson/jetsoncar_ws/recordings/de2a894e743b/images/dd9bd6f486ef43efa246cbd83474bab0.jpg,130.5,90.56
/home/jetson/jetsoncar_ws/recordings/de2a894e743b/images/80d28abde20c4907a0dc2cceb11aa194.jpg,130.5,90.56
/home/jetson/jetsoncar_ws/recordings/de2a894e743b/images/f15ddb7a9d324cae865496ce6ffe8678.jpg,130.5,90.56
/home/jetson/jetsoncar_ws/recordings/de2a894e743b/images/288df729d8e44b5281e5bed06a3d8467.jpg,130.5,90.56
/home/jetson/jetsoncar_ws/recordings/de2a894e743b/images/c8537086f4f14e4b8818f1d66feed4a2.jpg,130.5,90.56
/home/jetson/jetsoncar_ws/recordings/de2a894e743b/images/7da42ccf77fb4b008e04bbf019e509ed.jpg,130.5,90.56
/home/jetson/jetsoncar_ws/recordings/de2a894e743b/images/a9ac3d6edb06414eaf1d8fe3747609e4.jpg,130.5,90.56
/home/jetson/jetsoncar_ws/recordings/de2a894e743b/images/9d5c0f69dfd44d73be89e04171eef35e.jpg,130.5,90.48
/home/jetson/jetsoncar_ws/recordings/de2a894e743b/images/bea25355bdb7449298550b023f68fbdd.jpg,130.5,90.56
/home/jetson/jetsoncar_ws/recordings/de2a894e743b/images/d87a8c5eb3bb4d41ba10ec11f17044ab.jpg,130.5,90.56
/home/jetson/jetsoncar_ws/recordings/de2a894e743b/images/9924de7371ca4344ba17022e9ffaca62.jpg,130.5,90.56
/home/jetson/jetsoncar_ws/recordings/de2a894e743b/images/2882f2bba3f1462aa04ff16327d2816a.jpg,130.5,90.56
/home/jetson/jetsoncar_ws/recordings/de2a894e743b/images/f0ce5f31b4ca445e9d66e8e4239a274f.jpg,130.5,90.56
/home/jetson/jetsoncar_ws/recordings/de2a894e743b/images/b6d7d41441ec40898d196777a0c54b93.jpg,130.5,91.6
/home/jetson/jetsoncar_ws/recordings/de2a894e743b/images/7ae5dd2ab8704463b0dd0a4604d9593c.jpg,130.5,93.6
/home/jetson/jetsoncar_ws/recordings/de2a894e743b/images/27091dec2de7474ea844678cc137e8ce.jpg,130.5,94.8
/home/jetson/jetsoncar_ws/recordings/de2a894e743b/images/11c86c8dc8224bdba0491c41137c6f30.jpg,130.5,93.84
/home/jetson/jetsoncar_ws/recordings/de2a894e743b/images/2295ea92a991484f9ff7d057048cfa6f.jpg,90,91.76
/home/jetson/jetsoncar_ws/recordings/de2a894e743b/images/e1e805938fc34c85bc04229cfff9fd64.jpg,103.05000000000001,93.68
/home/jetson/jetsoncar_ws/recordings/de2a894e743b/images/1d2baf5d7b62462d8b807c004a42895d.jpg,103.5,94.64
/home/jetson/jetsoncar_ws/recordings/de2a894e743b/images/faad9a057af045ecbee3461b7e4a462d.jpg,106.19999999999999,94.64
/home/jetson/jetsoncar_ws/recordings/de2a894e743b/images/e323eb3404ad455c88bfb26d9cf6cc28.jpg,90,90.08
/home/jetson/jetsoncar_ws/recordings/de2a894e743b/images/38f1abe12e77476fb4b7eb89da555124.jpg,90,90.56
/home/jetson/jetsoncar_ws/recordings/de2a894e743b/images/115fe02b65214a30aaa94ae11120f8db.jpg,90,93.92
/home/jetson/jetsoncar_ws/recordings/de2a894e743b/images/7545a9f110d24ceb967e44f71423ec53.jpg,90,94.32
/home/jetson/jetsoncar_ws/recordings/de2a894e743b/images/00d9e391dea34cdca986470bb2f48ea1.jpg,90,94.24
/home/jetson/jetsoncar_ws/recordings/de2a894e743b/images/d75e997c9528481eb4eaa17c9a65a54f.jpg,90,90.0
/home/jetson/jetsoncar_ws/recordings/de2a894e743b/images/67c1097292b646fc98a3b41059db891c.jpg,100.35,93.04
/home/jetson/jetsoncar_ws/recordings/de2a894e743b/images/ce7d7d94196243f3ada1455f2102c85e.jpg,100.8,93.44
/home/jetson/jetsoncar_ws/recordings/de2a894e743b/images/7fda5d383da4494e925a0352e08a400a.jpg,101.7,93.68
/home/jetson/jetsoncar_ws/recordings/de2a894e743b/images/04ded6573f404ee3968a651d0d11d98b.jpg,101.7,94.48
/home/jetson/jetsoncar_ws/recordings/de2a894e743b/images/e8b68ad4379d4d9eb0cd8ade6ad4a0fd.jpg,101.7,94.48
/home/jetson/jetsoncar_ws/recordings/de2a894e743b/images/51306067a93447bf8c8d4757d9e495d1.jpg,90,93.92
/home/jetson/jetsoncar_ws/recordings/de2a894e743b/images/c4b68a56b3a547368f28ad7825284c5c.jpg,90,94.48
/home/jetson/jetsoncar_ws/recordings/de2a894e743b/images/88fe75a67b3b4e0f91b23365635c7169.jpg,90,90.0
/home/jetson/jetsoncar_ws/recordings/de2a894e743b/images/15c1e94776d74d24b8b76a3b25f854ca.jpg,103.5,93.76
/home/jetson/jetsoncar_ws/recordings/de2a894e743b/images/1dbe4ae7f9f64080a53036923c8b6a70.jpg,103.95,94.8
/home/jetson/jetsoncar_ws/recordings/de2a894e743b/images/2ee8bbd4d00d4aeea8908d6d31568bd2.jpg,108.45,93.92
/home/jetson/jetsoncar_ws/recordings/de2a894e743b/images/560c707ecacc4e7eb9074af02b6857ba.jpg,90,91.76
/home/jetson/jetsoncar_ws/recordings/de2a894e743b/images/3522fd99b0e1459ab67191c647b7e3ee.jpg,99.9,94.56
/home/jetson/jetsoncar_ws/recordings/de2a894e743b/images/ed69a96762f749728586a8bc36d9297e.jpg,102.6,94.8
/home/jetson/jetsoncar_ws/recordings/de2a894e743b/images/25d06b660f434dfc915c580752efefcf.jpg,102.6,94.8
/home/jetson/jetsoncar_ws/recordings/de2a894e743b/images/711fe9ece55d479f9ca550da2f6562e2.jpg,101.7,92.16
/home/jetson/jetsoncar_ws/recordings/de2a894e743b/images/9d81dc90387c4a949c400a4edffdcace.jpg,105.3,94.08
/home/jetson/jetsoncar_ws/recordings/de2a894e743b/images/767971d4225f48a78b6d3e7b1f561958.jpg,106.65,94.16
/home/jetson/jetsoncar_ws/recordings/de2a894e743b/images/618727e730604237b63a64abc5e76ffe.jpg,90,90.0
/home/jetson/jetsoncar_ws/recordings/de2a894e743b/images/97c42fe038ee4c52a4583ee45692101b.jpg,90,94.0
/home/jetson/jetsoncar_ws/recordings/de2a894e743b/images/660e5e45d11c4e2d9f931c780daf8c2e.jpg,90,94.48
/home/jetson/jetsoncar_ws/recordings/de2a894e743b/images/0a36dca1bec343519166831b9be4c146.jpg,90,94.48
/home/jetson/jetsoncar_ws/recordings/de2a894e743b/images/6c7de12c4c874a4ba2813ebea44b1c5d.jpg,90,93.44
/home/jetson/jetsoncar_ws/recordings/de2a894e743b/images/7f3d88c263a14e54aaa6a838a8c6c2a8.jpg,90,95.2
/home/jetson/jetsoncar_ws/recordings/de2a894e743b/images/3b61563ddb654036915ffea9b42d70d3.jpg,90,95.2
/home/jetson/jetsoncar_ws/recordings/de2a894e743b/images/06cc0939187c4e99ba21057ab2680d84.jpg,90,92.32
/home/jetson/jetsoncar_ws/recordings/de2a894e743b/images/4c1e64648d2f4c2f9d6ac1cf64ab5104.jpg,106.65,93.92
/home/jetson/jetsoncar_ws/recordings/de2a894e743b/images/0d34e1f3ec254f22b6daa3fbff39d9ad.jpg,111.6,94.96
/home/jetson/jetsoncar_ws/recordings/de2a894e743b/images/eeda6a09a9924e8e9d49befd63aaf505.jpg,111.6,95.12
/home/jetson/jetsoncar_ws/recordings/de2a894e743b/images/d119fba449d145d596d136ca18c021f5.jpg,90,93.52
/home/jetson/jetsoncar_ws/recordings/de2a894e743b/images/2220ec102353454eb440bdc8656b1f80.jpg,90,94.72
/home/jetson/jetsoncar_ws/recordings/de2a894e743b/images/500ff0806d9a49f8a7d3bb2f7d58e25c.jpg,90,94.08
/home/jetson/jetsoncar_ws/recordings/de2a894e743b/images/629b04f7880940cd990a4682d7042d8d.jpg,90,95.2
/home/jetson/jetsoncar_ws/recordings/de2a894e743b/images/d1e3dab4b0904b9da4cf31c139fc8ce3.jpg,90,95.2
/home/jetson/jetsoncar_ws/recordings/de2a894e743b/images/df6e397a46814373a1dcc410188af956.jpg,90,90.0
/home/jetson/jetsoncar_ws/recordings/de2a894e743b/images/71700c002d7843adafaa5f6d9fcab002.jpg,90,93.6
/home/jetson/jetsoncar_ws/recordings/de2a894e743b/images/3e8242fc8a704617bc25919a2b52162e.jpg,90,94.72
/home/jetson/jetsoncar_ws/recordings/de2a894e743b/images/72f3a6fc0ec8463aa7edae53fee79fce.jpg,90,94.64
/home/jetson/jetsoncar_ws/recordings/de2a894e743b/images/ec680df25a20433b82ece05ccf00964c.jpg,90,90.4
/home/jetson/jetsoncar_ws/recordings/de2a894e743b/images/7a0245c013294cf78b37e7692d806dac.jpg,90,94.88
/home/jetson/jetsoncar_ws/recordings/de2a894e743b/images/2c3d08463c634358be19e49dc4234e6d.jpg,90,94.88
/home/jetson/jetsoncar_ws/recordings/de2a894e743b/images/3716785571fe40c6bfa5e03236410a07.jpg,90,90.0
/home/jetson/jetsoncar_ws/recordings/de2a894e743b/images/a054c21b649545a289d2aa6db5d2894f.jpg,90,90.0
/home/jetson/jetsoncar_ws/recordings/de2a894e743b/images/408045ab98d84e2d91c42dbaaa9bd7d5.jpg,108.45,90.0
/home/jetson/jetsoncar_ws/recordings/de2a894e743b/images/9cb26a98079f44b2b8820732568dd4da.jpg,90,93.84
/home/jetson/jetsoncar_ws/recordings/de2a894e743b/images/44f71a94ec3c4cd5a34ffb89d930848a.jpg,90,94.24
/home/jetson/jetsoncar_ws/recordings/de2a894e743b/images/71b5aeb58db443c289e0c3650b41dfce.jpg,90,90.0
/home/jetson/jetsoncar_ws/recordings/de2a894e743b/images/1223303a7fbd40739812a51375bb058c.jpg,90,90.0
/home/jetson/jetsoncar_ws/recordings/de2a894e743b/images/0f91a830fa1e4e9c882779f208d877b0.jpg,90,93.6
/home/jetson/jetsoncar_ws/recordings/de2a894e743b/images/12c0da09beee48ea80f75439bdee6f6b.jpg,90,94.8
/home/jetson/jetsoncar_ws/recordings/de2a894e743b/images/e04ccf7e1a9f4dd08f5cc18b2b28ff7e.jpg,90,90.0
/home/jetson/jetsoncar_ws/recordings/de2a894e743b/images/5207f9c8557d45bb94c22d7e6d1a676a.jpg,90,94.0
/home/jetson/jetsoncar_ws/recordings/de2a894e743b/images/c17f080cadd44904928e3177088e6e4e.jpg,77.85,94.24
/home/jetson/jetsoncar_ws/recordings/de2a894e743b/images/334186dfbfbd4c4eafe586a762891576.jpg,90,90.0
/home/jetson/jetsoncar_ws/recordings/de2a894e743b/images/94d6cef833f14655b9a8ec23da6d8bcc.jpg,90,90.0
/home/jetson/jetsoncar_ws/recordings/de2a894e743b/images/0e0a70e729294bf3a6b48a28407368eb.jpg,90,90.0
/home/jetson/jetsoncar_ws/recordings/de2a894e743b/images/eff2d0effe0042fbaf0c1d5c340cdb68.jpg,90,90.0
/home/jetson/jetsoncar_ws/recordings/de2a894e743b/images/b8d09b08c5464c3481757d3cfb84b940.jpg,90,90.0
/home/jetson/jetsoncar_ws/recordings/de2a894e743b/images/be504a0e552548deb5eaf9e720b85af9.jpg,90,90.0
/home/jetson/jetsoncar_ws/recordings/de2a894e743b/images/7303aba3d91641e782649605ccb9ad9a.jpg,90,90.0
/home/jetson/jetsoncar_ws/recordings/de2a894e743b/images/19d7ddee9c394017a707757f7dc7c01b.jpg,90,90.0
/home/jetson/jetsoncar_ws/recordings/de2a894e743b/images/6d676df1e26244b5a117ab94c73da3a9.jpg,90,90.0
/home/jetson/jetsoncar_ws/recordings/de2a894e743b/images/d1a0d92784c147ba8c6532502f3c05bf.jpg,59.849999999999994,90.0
/home/jetson/jetsoncar_ws/recordings/de2a894e743b/images/c0ab2832769f4b27bf0e323d591927ab.jpg,49.5,90.0
/home/jetson/jetsoncar_ws/recordings/de2a894e743b/images/4326d99aaa4047b4923b77d910324480.jpg,49.5,90.0
/home/jetson/jetsoncar_ws/recordings/de2a894e743b/images/c01213a31a4c4e3d9a08b153daeef849.jpg,49.5,90.0
/home/jetson/jetsoncar_ws/recordings/de2a894e743b/images/5ce433780f7f430780c979a13755bc37.jpg,49.5,90.0
/home/jetson/jetsoncar_ws/recordings/de2a894e743b/images/f50723974015415892e7e157e0ab95f9.jpg,49.5,90.0
/home/jetson/jetsoncar_ws/recordings/de2a894e743b/images/f6613ffad5d04dfb9a7b7adb53db5b3e.jpg,49.5,90.0
/home/jetson/jetsoncar_ws/recordings/de2a894e743b/images/10b713def2894b7e987d07d7e55ad261.jpg,49.5,90.0
/home/jetson/jetsoncar_ws/recordings/de2a894e743b/images/25fcc4cdf02a474b958eaf25ff043c52.jpg,49.5,90.0
/home/jetson/jetsoncar_ws/recordings/de2a894e743b/images/38b39d22901c4f6194b53b2fb9d7a580.jpg,49.5,90.72
/home/jetson/jetsoncar_ws/recordings/de2a894e743b/images/10d55fc8128240e5af539ae131672684.jpg,49.5,91.84
/home/jetson/jetsoncar_ws/recordings/de2a894e743b/images/42b26530aebd4e6c85ce1b60c9813d28.jpg,49.5,94.4
/home/jetson/jetsoncar_ws/recordings/de2a894e743b/images/f92ba3bce7424a25ad81ab71be735507.jpg,63.45,91.04
/home/jetson/jetsoncar_ws/recordings/de2a894e743b/images/15b9e3cc34d646efb3a31b652879fa8e.jpg,90,90.0
/home/jetson/jetsoncar_ws/recordings/de2a894e743b/images/f97ec11bcb1f4a3ca503a42608c2581d.jpg,90,94.32
/home/jetson/jetsoncar_ws/recordings/de2a894e743b/images/8f2aafcff3914142b055aef9be94c7d7.jpg,90,90.0
/home/jetson/jetsoncar_ws/recordings/de2a894e743b/images/eb3787b3c7f549909baee99912431349.jpg,90,90.0
/home/jetson/jetsoncar_ws/recordings/de2a894e743b/images/34a68d8c47e84a50a95c1534b6dd64c6.jpg,90,92.4
/home/jetson/jetsoncar_ws/recordings/de2a894e743b/images/e3f36534cc3e43d9a6c0c966a44d4d03.jpg,90,94.72
/home/jetson/jetsoncar_ws/recordings/de2a894e743b/images/fef390a568c0420b859fcc4842abb49f.jpg,90,92.0
/home/jetson/jetsoncar_ws/recordings/de2a894e743b/images/5820ac39c529498aa323939df2ddd1d6.jpg,90,90.0
/home/jetson/jetsoncar_ws/recordings/de2a894e743b/images/8e389d07ae134f4199558cd2be30ddb2.jpg,90,90.0
/home/jetson/jetsoncar_ws/recordings/de2a894e743b/images/b9b72d126d2041258eb70fddcea53b8b.jpg,90,90.0
/home/jetson/jetsoncar_ws/recordings/de2a894e743b/images/a1e3843d187143c88ac43a14bd85d42d.jpg,90,89.04
/home/jetson/jetsoncar_ws/recordings/de2a894e743b/images/8c3821f4a0b14bd8a102449708cd39b9.jpg,90,88.48
/home/jetson/jetsoncar_ws/recordings/de2a894e743b/images/9fe98e3078244356bfc02a283df24d86.jpg,90,85.76
/home/jetson/jetsoncar_ws/recordings/de2a894e743b/images/2fdba98eecec48739b1e4dd74d4a8bca.jpg,90,90.0
/home/jetson/jetsoncar_ws/recordings/de2a894e743b/images/c58455951905445b8d7ccce0bbeb7a94.jpg,90,89.2
/home/jetson/jetsoncar_ws/recordings/de2a894e743b/images/d2d3742a46ab4603a0bc7681eeabd496.jpg,130.5,90.0
/home/jetson/jetsoncar_ws/recordings/de2a894e743b/images/e5f05fafa4fe4914a81c379e64bbbaaa.jpg,130.5,93.2
/home/jetson/jetsoncar_ws/recordings/de2a894e743b/images/0a84f9f864734ebd96c2dccf9cc1849f.jpg,130.5,94.96
/home/jetson/jetsoncar_ws/recordings/de2a894e743b/images/d8cbeb0d5505475da4f6c983bb8f9c4f.jpg,130.5,90.0
/home/jetson/jetsoncar_ws/recordings/de2a894e743b/images/904932f0273e4ffab1fd49c81fff0b0d.jpg,90,90.0
/home/jetson/jetsoncar_ws/recordings/de2a894e743b/images/835e9a7b46ca4a6faf46b1de569c78e5.jpg,128.25,90.0
/home/jetson/jetsoncar_ws/recordings/de2a894e743b/images/801f0ccc82684b24bd6921a641a7aa61.jpg,130.5,90.0
/home/jetson/jetsoncar_ws/recordings/de2a894e743b/images/edb40dcba4434fa0837bbdf07036974b.jpg,130.5,93.76
/home/jetson/jetsoncar_ws/recordings/de2a894e743b/images/747fd6af0a9048d0a936803c6cbb8194.jpg,130.5,90.0
/home/jetson/jetsoncar_ws/recordings/de2a894e743b/images/9db6172e17e74ca6b2698e5164788854.jpg,110.25000000000001,90.0
/home/jetson/jetsoncar_ws/recordings/de2a894e743b/images/1167d82be34d470ea6cee9206997c182.jpg,90,90.0
/home/jetson/jetsoncar_ws/recordings/de2a894e743b/images/979664cf5de349e9a62d1747b0789ac1.jpg,90,90.0
/home/jetson/jetsoncar_ws/recordings/de2a894e743b/images/cfce4bd0f875441fb904f24d89841f62.jpg,90,90.0
/home/jetson/jetsoncar_ws/recordings/de2a894e743b/images/a57d971b5115430f97b8ef5ef76c2b47.jpg,90,90.0
/home/jetson/jetsoncar_ws/recordings/de2a894e743b/images/53fd54ceb2304b84a07d85503d1feb41.jpg,90,90.0
/home/jetson/jetsoncar_ws/recordings/de2a894e743b/images/da8a57a0ef1d4e32b4385ed10a347bee.jpg,90,90.0
/home/jetson/jetsoncar_ws/recordings/de2a894e743b/images/b85c1c4b440542dba2320850a33dd817.jpg,90,90.0
/home/jetson/jetsoncar_ws/recordings/de2a894e743b/images/c62456792b6d417991fdf28bae71e32d.jpg,90,94.48
/home/jetson/jetsoncar_ws/recordings/de2a894e743b/images/8194d384291c410fa22276b69b9dc0e8.jpg,90,94.0
/home/jetson/jetsoncar_ws/recordings/de2a894e743b/images/606cbcedd2d046d48fa7c922c8b62c22.jpg,90,90.0
/home/jetson/jetsoncar_ws/recordings/de2a894e743b/images/98ef46277a6a4f80a5d6c0edff09123e.jpg,90,93.52
/home/jetson/jetsoncar_ws/recordings/de2a894e743b/images/a64397e6215f437aa1d831e237a10c13.jpg,90,92.16
/home/jetson/jetsoncar_ws/recordings/de2a894e743b/images/1a5d3aa1720d42aea71496b9783a94c8.jpg,90,90.0
/home/jetson/jetsoncar_ws/recordings/de2a894e743b/images/c590142d2d914f90814c888890ef8c8b.jpg,90,95.04
/home/jetson/jetsoncar_ws/recordings/de2a894e743b/images/b8ec1ed8f10c400985fc75f221c3a032.jpg,90,90.0
/home/jetson/jetsoncar_ws/recordings/de2a894e743b/images/4fa1bf9265924d58a4ae8dfd5904dd8f.jpg,49.5,90.0
/home/jetson/jetsoncar_ws/recordings/de2a894e743b/images/cd67e40fab1142e6bd66572143b10659.jpg,49.5,95.76
/home/jetson/jetsoncar_ws/recordings/de2a894e743b/images/0912389b7d2247b4bb9755e102ea20a3.jpg,49.5,94.48
/home/jetson/jetsoncar_ws/recordings/de2a894e743b/images/159ee9081ab943019b819fdcc2564037.jpg,49.5,90.0
/home/jetson/jetsoncar_ws/recordings/de2a894e743b/images/0b283f8d5e2e4704865d58d53b5dd75f.jpg,49.5,95.68
/home/jetson/jetsoncar_ws/recordings/de2a894e743b/images/e73580378a7f4ec0a19cadd39787476d.jpg,90,90.0
/home/jetson/jetsoncar_ws/recordings/de2a894e743b/images/17640c4fdaee46748d66a095101cd362.jpg,49.5,96.16
/home/jetson/jetsoncar_ws/recordings/de2a894e743b/images/7044b459bdd748908a0a339dda68df07.jpg,49.5,96.08
/home/jetson/jetsoncar_ws/recordings/de2a894e743b/images/b017533cd67d4768af2b10ba2acd6384.jpg,90,90.0
/home/jetson/jetsoncar_ws/recordings/de2a894e743b/images/9e6ae6626667474d9e7973279dcfc309.jpg,49.5,92.24
/home/jetson/jetsoncar_ws/recordings/de2a894e743b/images/b0f3299ec71a43a08a9ffda2ebb9ab2b.jpg,49.5,96.24
/home/jetson/jetsoncar_ws/recordings/de2a894e743b/images/9b9127bfd8f544b894b5bff3175c8876.jpg,76.5,90.0
/home/jetson/jetsoncar_ws/recordings/de2a894e743b/images/4ef592758152490abcc49481c005a1f3.jpg,90,90.0
/home/jetson/jetsoncar_ws/recordings/de2a894e743b/images/f8227c4348c443329c0ca6a27c5e85c1.jpg,56.25,95.52
/home/jetson/jetsoncar_ws/recordings/de2a894e743b/images/3db537c8e3884468ade7cb4d4f8e880a.jpg,73.8,90.88
/home/jetson/jetsoncar_ws/recordings/de2a894e743b/images/13fdb4afbc714de4a562f33bfb545c48.jpg,49.5,90.32
/home/jetson/jetsoncar_ws/recordings/de2a894e743b/images/bbb976eb3df04998a94010e7731c5b03.jpg,49.5,95.6
/home/jetson/jetsoncar_ws/recordings/de2a894e743b/images/391dfe3e84f54cbea4bc7ad06e4afe85.jpg,90,90.0
/home/jetson/jetsoncar_ws/recordings/de2a894e743b/images/4b66dda15f644cf2a6376681e01e22dc.jpg,49.5,95.52
/home/jetson/jetsoncar_ws/recordings/de2a894e743b/images/302bbdd6c44547dd8c47657af620d91e.jpg,49.5,95.44
/home/jetson/jetsoncar_ws/recordings/de2a894e743b/images/ce4101b72fa84062b8bef330fa69a787.jpg,90,90.0
/home/jetson/jetsoncar_ws/recordings/de2a894e743b/images/0c61b1f0a29c4b7f82723cb70fc0cc9a.jpg,49.5,95.2
/home/jetson/jetsoncar_ws/recordings/de2a894e743b/images/7feaef2dcab34a569c89f045b2553c62.jpg,65.25,92.96
/home/jetson/jetsoncar_ws/recordings/de2a894e743b/images/802e2e3826114176ba7908970b3502e1.jpg,90,90.0
/home/jetson/jetsoncar_ws/recordings/de2a894e743b/images/641e54c65ae14112a141eb28b7296ddd.jpg,90,95.12
/home/jetson/jetsoncar_ws/recordings/de2a894e743b/images/bc33af51234147abb61b2ac0ae49a937.jpg,90,90.0
/home/jetson/jetsoncar_ws/recordings/de2a894e743b/images/498f8979172940d2af441356f7647e91.jpg,90,90.0
/home/jetson/jetsoncar_ws/recordings/de2a894e743b/images/539ca812eaaf44519b5974c0136566e4.jpg,90,96.4
/home/jetson/jetsoncar_ws/recordings/de2a894e743b/images/5f1aa68fa8d64d9b96272356c8463353.jpg,90,90.0
/home/jetson/jetsoncar_ws/recordings/de2a894e743b/images/615d469617c94d6c9381aa3419de5089.jpg,90,90.0
/home/jetson/jetsoncar_ws/recordings/de2a894e743b/images/bffe5c23d87d4e15be4c74ea97f05491.jpg,90,90.0
/home/jetson/jetsoncar_ws/recordings/de2a894e743b/images/a905e0fc31be4b6da63b2a13c60110a1.jpg,90,90.0
/home/jetson/jetsoncar_ws/recordings/de2a894e743b/images/d11560f591a34c38b04ff9efa43d0323.jpg,90,90.0
/home/jetson/jetsoncar_ws/recordings/de2a894e743b/images/bbfcc9db652544e285efc714d0b1f713.jpg,90,90.0
/home/jetson/jetsoncar_ws/recordings/de2a894e743b/images/73880c6d4db04c90904cdf91e33a842e.jpg,90,90.0
/home/jetson/jetsoncar_ws/recordings/de2a894e743b/images/08a307332e3e4ed9b43365f64f5e681e.jpg,90,87.6
/home/jetson/jetsoncar_ws/recordings/de2a894e743b/images/8450c48838124926beff755d90a72f2c.jpg,90,84.0
/home/jetson/jetsoncar_ws/recordings/de2a894e743b/images/e2fc8ce97d7b445f8d4e56240314b8ad.jpg,90,90.0
/home/jetson/jetsoncar_ws/recordings/de2a894e743b/images/af56ae4f8e124a21817a7e85f65b1d63.jpg,90,90.0
/home/jetson/jetsoncar_ws/recordings/de2a894e743b/images/5c19fad6b5824ce5bd301c52eb64ec34.jpg,90,90.0
/home/jetson/jetsoncar_ws/recordings/de2a894e743b/images/b1132d80837a419db1ca4a6d0403e1b3.jpg,90,90.0
/home/jetson/jetsoncar_ws/recordings/de2a894e743b/images/667e55efa15442dbae99265555a1c911.jpg,90,92.64
/home/jetson/jetsoncar_ws/recordings/de2a894e743b/images/e3aad4ad6c3946ce9779a8238cfbb821.jpg,90,94.88
/home/jetson/jetsoncar_ws/recordings/de2a894e743b/images/295f2e53015a44ecba6eaad42847d1d6.jpg,90,90.0
/home/jetson/jetsoncar_ws/recordings/de2a894e743b/images/45e50a64ee194e959656fd543fed2a85.jpg,90,95.28
/home/jetson/jetsoncar_ws/recordings/de2a894e743b/images/2080eb50367a46779b3e2cb0ccd17978.jpg,90,95.52
/home/jetson/jetsoncar_ws/recordings/de2a894e743b/images/3f6e13e829bb4b90a828e8f677d98608.jpg,90,90.0
/home/jetson/jetsoncar_ws/recordings/de2a894e743b/images/fc8d3c447283463794dab97cff61eea3.jpg,90,90.0
/home/jetson/jetsoncar_ws/recordings/de2a894e743b/images/395e351b6df2402f91f069989a9db913.jpg,90,90.0
/home/jetson/jetsoncar_ws/recordings/de2a894e743b/images/bd05bff2e9ab44c2ad45f692412f05bf.jpg,90,90.0
/home/jetson/jetsoncar_ws/recordings/de2a894e743b/images/9b3095caca8b427c9e290ec90ed85304.jpg,90,90.0
/home/jetson/jetsoncar_ws/recordings/de2a894e743b/images/b7beb5e380db438094ba6da9c3c515a0.jpg,90,90.0
/home/jetson/jetsoncar_ws/recordings/de2a894e743b/images/0a677ee97fcb4a1d90292f09f07a738b.jpg,90,90.0
/home/jetson/jetsoncar_ws/recordings/de2a894e743b/images/bf6b8d23e7bb423f8daac84f149a57fe.jpg,90,90.0
/home/jetson/jetsoncar_ws/recordings/de2a894e743b/images/22f4a8e5c96f4e19b838865087bf3324.jpg,90,90.0
/home/jetson/jetsoncar_ws/recordings/de2a894e743b/images/2ed406e40ab240f984f8e41948735d58.jpg,90,90.0
/home/jetson/jetsoncar_ws/recordings/de2a894e743b/images/23c7cfcac3be40a28e0658384c0c5b6e.jpg,90,90.0
/home/jetson/jetsoncar_ws/recordings/de2a894e743b/images/39b18f38c1ae4ff08f0373190ef46d81.jpg,90,90.0
/home/jetson/jetsoncar_ws/recordings/de2a894e743b/images/67f77b021249430bad6644ba6d05d3de.jpg,90,90.0
/home/jetson/jetsoncar_ws/recordings/de2a894e743b/images/92cac18c68834c70be657eba0fa6dcf5.jpg,90,90.0
/home/jetson/jetsoncar_ws/recordings/de2a894e743b/images/e9fc343862464afa9ad987a37c27b55c.jpg,90,90.0
/home/jetson/jetsoncar_ws/recordings/de2a894e743b/images/4ca16a4e16b14006b51799de51dc53a3.jpg,90,90.0
/home/jetson/jetsoncar_ws/recordings/de2a894e743b/images/c643cb5e1f6c4909ba96e8c87a9c903a.jpg,90,90.0
/home/jetson/jetsoncar_ws/recordings/de2a894e743b/images/9c07b4dc8cce44c69d348180df943d51.jpg,90,90.0
/home/jetson/jetsoncar_ws/recordings/de2a894e743b/images/ef940880f5644d5eb6ce96fec7c3464c.jpg,90,90.0
/home/jetson/jetsoncar_ws/recordings/de2a894e743b/images/3dd31b6ffe0a4a8eb2bf3bf9c6d7b86c.jpg,90,90.0
/home/jetson/jetsoncar_ws/recordings/de2a894e743b/images/cd0ad8181644449ebecd0f1d15e51634.jpg,130.5,90.0
/home/jetson/jetsoncar_ws/recordings/de2a894e743b/images/1ad7a2a16eb14a959af761ecf93bb428.jpg,130.5,91.12
/home/jetson/jetsoncar_ws/recordings/de2a894e743b/images/d28b40aec4f34a62a4fada36b4cc5f15.jpg,130.5,90.0
/home/jetson/jetsoncar_ws/recordings/de2a894e743b/images/fdefccf356264945b6535db13545c167.jpg,130.5,94.4
/home/jetson/jetsoncar_ws/recordings/de2a894e743b/images/c1d3cde901824b3aae8e36c3624d0d84.jpg,130.5,90.0
/home/jetson/jetsoncar_ws/recordings/de2a894e743b/images/6f97c9e89fdc475497d3458313f1e849.jpg,90,90.0
/home/jetson/jetsoncar_ws/recordings/de2a894e743b/images/7519d0e11cbb425e84a35f241b9699c3.jpg,90,90.0
/home/jetson/jetsoncar_ws/recordings/de2a894e743b/images/e2eb2f5bcd4d49bfae0039a99f4816fb.jpg,90,90.0
/home/jetson/jetsoncar_ws/recordings/de2a894e743b/images/5142e5789820462894b264e96b44eed3.jpg,90,90.0
/home/jetson/jetsoncar_ws/recordings/de2a894e743b/images/5f6ebb54182442e98e6da322674e0bd0.jpg,90,90.0
/home/jetson/jetsoncar_ws/recordings/de2a894e743b/images/160a793a3b134837a85b324dac0da1c3.jpg,90,90.0
/home/jetson/jetsoncar_ws/recordings/de2a894e743b/images/d0d178a13f024424beb1ab9a7c72f81b.jpg,90,90.4
/home/jetson/jetsoncar_ws/recordings/de2a894e743b/images/4768f1102f7f47aa853e04fd592f97be.jpg,90,93.84
/home/jetson/jetsoncar_ws/recordings/de2a894e743b/images/0e5b80d53f1e45f4abe9dc1857db816b.jpg,90,94.72
/home/jetson/jetsoncar_ws/recordings/de2a894e743b/images/c9ffbe151b914ff198f3aa23c9193973.jpg,90,90.0
/home/jetson/jetsoncar_ws/recordings/de2a894e743b/images/874fb10b2e194095aac0dafbabca829a.jpg,63.0,90.0
/home/jetson/jetsoncar_ws/recordings/de2a894e743b/images/616119b363504253a16766e3bad808f6.jpg,57.6,94.56
/home/jetson/jetsoncar_ws/recordings/de2a894e743b/images/c28ab0d030fe4c849bf6d96ccd429f8b.jpg,78.3,94.56
/home/jetson/jetsoncar_ws/recordings/de2a894e743b/images/a5597c2f784f47d3918cc9d00c6caa23.jpg,66.15,94.64
/home/jetson/jetsoncar_ws/recordings/de2a894e743b/images/229114e8fbdb4c8695eb2cf0806bdc11.jpg,62.55,93.68
/home/jetson/jetsoncar_ws/recordings/de2a894e743b/images/a32c915b8a504406b42c5fb8a7329945.jpg,90,94.88
/home/jetson/jetsoncar_ws/recordings/de2a894e743b/images/88eb16d4c8674b8faad342ab14cb8346.jpg,90,94.96
/home/jetson/jetsoncar_ws/recordings/de2a894e743b/images/614839f2f7e145888e5d8cfe22d86067.jpg,90,90.0
/home/jetson/jetsoncar_ws/recordings/de2a894e743b/images/78e61305cf8246f6bb73faa749e3eead.jpg,90,90.0
/home/jetson/jetsoncar_ws/recordings/de2a894e743b/images/589974dda49b4027baa54e4a2f55a193.jpg,90,92.48
/home/jetson/jetsoncar_ws/recordings/de2a894e743b/images/248ba9b8da33492389b5fd978668b705.jpg,90,92.88
/home/jetson/jetsoncar_ws/recordings/de2a894e743b/images/82cc8d28d37642ea8147a045ad88f204.jpg,90,94.48
/home/jetson/jetsoncar_ws/recordings/de2a894e743b/images/1f6a69b34bae4469ad53f86464ca6fc8.jpg,90,94.56
/home/jetson/jetsoncar_ws/recordings/de2a894e743b/images/b44d8af109754d99b490d56d6fd1d7d2.jpg,90,94.64
/home/jetson/jetsoncar_ws/recordings/de2a894e743b/images/71cb2886f0de45dca86d7b76116448cd.jpg,90,95.2
/home/jetson/jetsoncar_ws/recordings/de2a894e743b/images/e0b2bfb230c14871929449ba669e2989.jpg,102.6,95.6
/home/jetson/jetsoncar_ws/recordings/de2a894e743b/images/f3e65ddeee624b35a5b39cd951e78f0b.jpg,90,95.6
/home/jetson/jetsoncar_ws/recordings/de2a894e743b/images/f17a9441f90f41f29944d1a3f35a5ba5.jpg,90,95.6
/home/jetson/jetsoncar_ws/recordings/de2a894e743b/images/0a39ce4a49e847d2b82f4c6cbd52fd9e.jpg,112.95,95.6
/home/jetson/jetsoncar_ws/recordings/de2a894e743b/images/0126d638cc034e30a5943157172aa09e.jpg,90,95.6
/home/jetson/jetsoncar_ws/recordings/de2a894e743b/images/8fce0efcdd5d49fb9be790302a9e0bec.jpg,90,95.68
/home/jetson/jetsoncar_ws/recordings/de2a894e743b/images/20b7f53ac0374fbbbd2661af38f77bed.jpg,90,95.68
/home/jetson/jetsoncar_ws/recordings/de2a894e743b/images/61b6af2404084ede9a104476e0c8d560.jpg,117.0,91.6
/home/jetson/jetsoncar_ws/recordings/de2a894e743b/images/ddd3aaaa22094742aae5201059c405a0.jpg,90,94.0
/home/jetson/jetsoncar_ws/recordings/de2a894e743b/images/c6653fc0aa874af58356a27265d522f6.jpg,99.44999999999999,95.04
/home/jetson/jetsoncar_ws/recordings/de2a894e743b/images/d34f13bde1234dc594898c275824e4b0.jpg,90,94.8
/home/jetson/jetsoncar_ws/recordings/de2a894e743b/images/02c7e14d75674100b5ddb8c1113b0ce6.jpg,101.7,95.6
/home/jetson/jetsoncar_ws/recordings/de2a894e743b/images/22f67ecb03074cfca807e42fc68c3095.jpg,103.05000000000001,95.6
/home/jetson/jetsoncar_ws/recordings/de2a894e743b/images/359605b24818449c8f1563cee31c3847.jpg,118.35,95.52
/home/jetson/jetsoncar_ws/recordings/de2a894e743b/images/b34c5ea6e3ab4ace8e355f8d625249ab.jpg,49.5,90.0
/home/jetson/jetsoncar_ws/recordings/de2a894e743b/images/00113535854d4625bcd9058af8d9b637.jpg,90,90.0
/home/jetson/jetsoncar_ws/recordings/de2a894e743b/images/85214d8df74142eeb218ce27e2a1b6bb.jpg,90,90.0
/home/jetson/jetsoncar_ws/recordings/de2a894e743b/images/511106aad98f4c258993fc1b4ac9ce29.jpg,90,90.0
/home/jetson/jetsoncar_ws/recordings/de2a894e743b/images/c828a6e562854d97a90eaace57f08b4e.jpg,90,90.0
/home/jetson/jetsoncar_ws/recordings/de2a894e743b/images/30d4ceb352754185a9e2f22758696abf.jpg,90,90.0
/home/jetson/jetsoncar_ws/recordings/de2a894e743b/images/412d5cd49ac44a238824ed622e8a6833.jpg,90,90.0
/home/jetson/jetsoncar_ws/recordings/de2a894e743b/images/d6ed0c8ee6b1448b9c303f95eae98ac3.jpg,90,90.0
/home/jetson/jetsoncar_ws/recordings/de2a894e743b/images/fa32e40bca044036a3fa4eeb2ff937ac.jpg,90,90.0
/home/jetson/jetsoncar_ws/recordings/de2a894e743b/images/994b5d3818094c04bda82af73a4708b6.jpg,90,95.6
/home/jetson/jetsoncar_ws/recordings/de2a894e743b/images/9d73943280af4b5598265376c0a6886e.jpg,90,95.12
/home/jetson/jetsoncar_ws/recordings/de2a894e743b/images/e35ad20644144a73a3f64d71777ffc61.jpg,90,95.12
/home/jetson/jetsoncar_ws/recordings/de2a894e743b/images/7894961ad6224a67b09cb4600c5f126e.jpg,102.15,95.2
/home/jetson/jetsoncar_ws/recordings/de2a894e743b/images/f7f1e7107a2141989d36642db38ccc8b.jpg,90,96.0
/home/jetson/jetsoncar_ws/recordings/de2a894e743b/images/37766f23a75748fd877a73e0cc3d00a0.jpg,90,96.08
/home/jetson/jetsoncar_ws/recordings/de2a894e743b/images/2f2af476a56c41b28604eefa6365476f.jpg,105.3,96.0
/home/jetson/jetsoncar_ws/recordings/de2a894e743b/images/0b9a0b3d3e9442d0acbd7491c90b0a90.jpg,90,90.0
/home/jetson/jetsoncar_ws/recordings/de2a894e743b/images/c50a20baf4ba4eacae8fbeb9cd8bc9c3.jpg,130.5,91.76
/home/jetson/jetsoncar_ws/recordings/de2a894e743b/images/ab319820061c4a90931dba492d91bffd.jpg,130.5,90.0
/home/jetson/jetsoncar_ws/recordings/de2a894e743b/images/b00190bd67c54ef19c9334195227ee8a.jpg,130.5,90.0
/home/jetson/jetsoncar_ws/recordings/de2a894e743b/images/40e7b2d575fa4d4ab5cec0371fbc92a8.jpg,130.5,90.0
/home/jetson/jetsoncar_ws/recordings/de2a894e743b/images/7b5375f1740444e7ad2252459f0382f9.jpg,130.5,90.0
/home/jetson/jetsoncar_ws/recordings/de2a894e743b/images/a9215ee93a3a409c9c1d679045d8034d.jpg,130.5,90.0
/home/jetson/jetsoncar_ws/recordings/de2a894e743b/images/1fb24aa52f7a4c539b2976d95dbcd2ef.jpg,130.5,90.0
/home/jetson/jetsoncar_ws/recordings/de2a894e743b/images/0e95e79f1ea44a999d7c01caeb661641.jpg,130.5,90.0
/home/jetson/jetsoncar_ws/recordings/de2a894e743b/images/a47629cede874e4780a24f02739cf22f.jpg,130.5,95.12
/home/jetson/jetsoncar_ws/recordings/de2a894e743b/images/58a33a12b45446da953ee3694b61b666.jpg,130.5,96.64
/home/jetson/jetsoncar_ws/recordings/de2a894e743b/images/b2272e98a0e64f98b045503c87d226b4.jpg,90,90.0
/home/jetson/jetsoncar_ws/recordings/de2a894e743b/images/3a7825464f294d8fae16cdb9b157708f.jpg,130.5,91.28
/home/jetson/jetsoncar_ws/recordings/de2a894e743b/images/8a6634d9123c46b8a18b5f80359d70e1.jpg,130.5,94.88
/home/jetson/jetsoncar_ws/recordings/de2a894e743b/images/df684598e528477a869ed6b2fca33c9f.jpg,130.5,93.52
/home/jetson/jetsoncar_ws/recordings/de2a894e743b/images/31a1d0cfb9f6498892e43f1698e0ed11.jpg,90,90.48
/home/jetson/jetsoncar_ws/recordings/de2a894e743b/images/799be7f7c9034b0593b5ac7a2a9c805f.jpg,90,94.48
/home/jetson/jetsoncar_ws/recordings/de2a894e743b/images/99d20b5207d54f22b2a05ac4fbe79223.jpg,90,94.96
/home/jetson/jetsoncar_ws/recordings/de2a894e743b/images/5d500b8447d24344943ea98e9f41cbe7.jpg,107.1,94.96
/home/jetson/jetsoncar_ws/recordings/de2a894e743b/images/fe8571612a8a4b9d995a4fc7cc382cca.jpg,90,94.32
/home/jetson/jetsoncar_ws/recordings/de2a894e743b/images/02371495b3d44b6a97344337b40cb3c6.jpg,90,94.48
/home/jetson/jetsoncar_ws/recordings/de2a894e743b/images/61be150bcede4472b7c2d604300fc4e4.jpg,107.55000000000001,94.32
/home/jetson/jetsoncar_ws/recordings/de2a894e743b/images/601e56f58af049cf8bf5ae39dae9e055.jpg,90,94.56
/home/jetson/jetsoncar_ws/recordings/de2a894e743b/images/50ff206481704da5885700d7a6a8366a.jpg,90,94.64
/home/jetson/jetsoncar_ws/recordings/de2a894e743b/images/6dc95eab20304cb19910185866d07dab.jpg,90,94.64
/home/jetson/jetsoncar_ws/recordings/de2a894e743b/images/e735065d792843469f039224b391cfa5.jpg,90,94.64
/home/jetson/jetsoncar_ws/recordings/de2a894e743b/images/baac95db23fe4bddabf34f5ae678ecee.jpg,90,92.88
/home/jetson/jetsoncar_ws/recordings/de2a894e743b/images/b4ba0c6ee3d241d7a48995c94c873147.jpg,78.3,94.4
/home/jetson/jetsoncar_ws/recordings/de2a894e743b/images/8cc56c7ccd754ba8b318e83c93ad5977.jpg,78.75,90.72
/home/jetson/jetsoncar_ws/recordings/de2a894e743b/images/1c9e9f8e702d40a597ff8c876a2a8826.jpg,49.5,90.0
/home/jetson/jetsoncar_ws/recordings/de2a894e743b/images/9479dfe3de7e4185baa6d63d40b389cb.jpg,49.5,94.48
/home/jetson/jetsoncar_ws/recordings/de2a894e743b/images/0274623261f74cd2a1082bb76dfc1401.jpg,49.5,90.0
/home/jetson/jetsoncar_ws/recordings/de2a894e743b/images/14b09158e1024c8b981ce2194d47cd70.jpg,49.5,90.0
/home/jetson/jetsoncar_ws/recordings/de2a894e743b/images/fe2198d3db2748d1a5b68d42ab6530ad.jpg,49.5,90.0
/home/jetson/jetsoncar_ws/recordings/de2a894e743b/images/4816f29339934c54aceffb06c429f5f3.jpg,49.5,90.0
/home/jetson/jetsoncar_ws/recordings/de2a894e743b/images/f831f52c57ea4b89825cc295db4d55c7.jpg,49.5,90.0
/home/jetson/jetsoncar_ws/recordings/de2a894e743b/images/376feea0789249a1a3d9dc4653c5c128.jpg,49.5,90.0
/home/jetson/jetsoncar_ws/recordings/de2a894e743b/images/e08f6ad814424cdd847a3bc9485467be.jpg,49.5,95.36
/home/jetson/jetsoncar_ws/recordings/de2a894e743b/images/82288d94fb0f489cbefd3175034aef05.jpg,72.45,94.88
/home/jetson/jetsoncar_ws/recordings/de2a894e743b/images/4b7ea54b19b94286be99d2c288e20090.jpg,90,93.12
/home/jetson/jetsoncar_ws/recordings/de2a894e743b/images/15330c544ba347d0968f766c001a4537.jpg,69.3,94.8
/home/jetson/jetsoncar_ws/recordings/de2a894e743b/images/198d590d93374324be5213bcb362a8ea.jpg,75.15,94.96
/home/jetson/jetsoncar_ws/recordings/de2a894e743b/images/9f95f9d900ea41cfb999815f0c142fd5.jpg,90,94.8
/home/jetson/jetsoncar_ws/recordings/de2a894e743b/images/fa219b2b264c4ff4b05abdafcfef1f31.jpg,73.35,94.8
/home/jetson/jetsoncar_ws/recordings/de2a894e743b/images/6c54f9f498d94fd8add9de6179e07965.jpg,72.9,91.04
/home/jetson/jetsoncar_ws/recordings/de2a894e743b/images/c2cc8e3a44844918b309a55525b4ac82.jpg,72.9,91.52
